[2026-06-14T21:26:32.255+0000] {processor.py:161} INFO - Started process (PID=87) to work on /home/airflow/.local/lib/python3.12/site-packages/airflow/example_dags/example_datasets.py
[2026-06-14T21:26:32.257+0000] {processor.py:830} INFO - Processing file /home/airflow/.local/lib/python3.12/site-packages/airflow/example_dags/example_datasets.py for tasks to queue
[2026-06-14T21:26:32.260+0000] {logging_mixin.py:188} INFO - [2026-06-14T21:26:32.259+0000] {dagbag.py:545} INFO - Filling up the DagBag from /home/airflow/.local/lib/python3.12/site-packages/airflow/example_dags/example_datasets.py
[2026-06-14T21:26:32.294+0000] {processor.py:840} INFO - DAG(s) 'conditional_dataset_and_time_based_timetable', 'dataset_consumes_1', 'dataset_produces_2', 'dataset_consumes_unknown_never_scheduled', 'consume_1_or_both_2_and_3_with_dataset_expressions', 'consume_1_and_2_with_dataset_expressions', 'dataset_produces_1', 'dataset_consumes_1_never_scheduled', 'dataset_consumes_1_and_2', 'consume_1_or_2_with_dataset_expressions' retrieved from /home/airflow/.local/lib/python3.12/site-packages/airflow/example_dags/example_datasets.py
[2026-06-14T21:26:32.445+0000] {logging_mixin.py:188} INFO - [2026-06-14T21:26:32.444+0000] {override.py:1858} INFO - Created Permission View: can delete on DAG:conditional_dataset_and_time_based_timetable
[2026-06-14T21:26:32.457+0000] {logging_mixin.py:188} INFO - [2026-06-14T21:26:32.457+0000] {override.py:1858} INFO - Created Permission View: can edit on DAG:conditional_dataset_and_time_based_timetable
[2026-06-14T21:26:32.467+0000] {logging_mixin.py:188} INFO - [2026-06-14T21:26:32.466+0000] {override.py:1858} INFO - Created Permission View: can read on DAG:conditional_dataset_and_time_based_timetable
[2026-06-14T21:26:32.483+0000] {logging_mixin.py:188} INFO - [2026-06-14T21:26:32.482+0000] {override.py:1858} INFO - Created Permission View: can delete on DAG:dataset_consumes_1
[2026-06-14T21:26:32.491+0000] {logging_mixin.py:188} INFO - [2026-06-14T21:26:32.491+0000] {override.py:1858} INFO - Created Permission View: can edit on DAG:dataset_consumes_1
[2026-06-14T21:26:32.500+0000] {logging_mixin.py:188} INFO - [2026-06-14T21:26:32.500+0000] {override.py:1858} INFO - Created Permission View: can read on DAG:dataset_consumes_1
[2026-06-14T21:26:32.521+0000] {logging_mixin.py:188} INFO - [2026-06-14T21:26:32.521+0000] {override.py:1858} INFO - Created Permission View: can delete on DAG:dataset_produces_2
[2026-06-14T21:26:32.533+0000] {logging_mixin.py:188} INFO - [2026-06-14T21:26:32.532+0000] {override.py:1858} INFO - Created Permission View: can edit on DAG:dataset_produces_2
[2026-06-14T21:26:32.544+0000] {logging_mixin.py:188} INFO - [2026-06-14T21:26:32.544+0000] {override.py:1858} INFO - Created Permission View: can read on DAG:dataset_produces_2
[2026-06-14T21:26:32.570+0000] {logging_mixin.py:188} INFO - [2026-06-14T21:26:32.569+0000] {override.py:1858} INFO - Created Permission View: can delete on DAG:dataset_consumes_unknown_never_scheduled
[2026-06-14T21:26:32.582+0000] {logging_mixin.py:188} INFO - [2026-06-14T21:26:32.581+0000] {override.py:1858} INFO - Created Permission View: can edit on DAG:dataset_consumes_unknown_never_scheduled
[2026-06-14T21:26:32.595+0000] {logging_mixin.py:188} INFO - [2026-06-14T21:26:32.594+0000] {override.py:1858} INFO - Created Permission View: can read on DAG:dataset_consumes_unknown_never_scheduled
[2026-06-14T21:26:32.621+0000] {logging_mixin.py:188} INFO - [2026-06-14T21:26:32.620+0000] {override.py:1858} INFO - Created Permission View: can delete on DAG:consume_1_or_both_2_and_3_with_dataset_expressions
[2026-06-14T21:26:32.638+0000] {logging_mixin.py:188} INFO - [2026-06-14T21:26:32.638+0000] {override.py:1858} INFO - Created Permission View: can edit on DAG:consume_1_or_both_2_and_3_with_dataset_expressions
[2026-06-14T21:26:32.650+0000] {logging_mixin.py:188} INFO - [2026-06-14T21:26:32.649+0000] {override.py:1858} INFO - Created Permission View: can read on DAG:consume_1_or_both_2_and_3_with_dataset_expressions
[2026-06-14T21:26:32.674+0000] {logging_mixin.py:188} INFO - [2026-06-14T21:26:32.673+0000] {override.py:1858} INFO - Created Permission View: can delete on DAG:consume_1_and_2_with_dataset_expressions
[2026-06-14T21:26:32.684+0000] {logging_mixin.py:188} INFO - [2026-06-14T21:26:32.683+0000] {override.py:1858} INFO - Created Permission View: can edit on DAG:consume_1_and_2_with_dataset_expressions
[2026-06-14T21:26:32.695+0000] {logging_mixin.py:188} INFO - [2026-06-14T21:26:32.695+0000] {override.py:1858} INFO - Created Permission View: can read on DAG:consume_1_and_2_with_dataset_expressions
[2026-06-14T21:26:32.716+0000] {logging_mixin.py:188} INFO - [2026-06-14T21:26:32.716+0000] {override.py:1858} INFO - Created Permission View: can delete on DAG:dataset_produces_1
[2026-06-14T21:26:32.726+0000] {logging_mixin.py:188} INFO - [2026-06-14T21:26:32.726+0000] {override.py:1858} INFO - Created Permission View: can edit on DAG:dataset_produces_1
[2026-06-14T21:26:32.736+0000] {logging_mixin.py:188} INFO - [2026-06-14T21:26:32.735+0000] {override.py:1858} INFO - Created Permission View: can read on DAG:dataset_produces_1
[2026-06-14T21:26:32.753+0000] {logging_mixin.py:188} INFO - [2026-06-14T21:26:32.753+0000] {override.py:1858} INFO - Created Permission View: can delete on DAG:dataset_consumes_1_never_scheduled
[2026-06-14T21:26:32.763+0000] {logging_mixin.py:188} INFO - [2026-06-14T21:26:32.763+0000] {override.py:1858} INFO - Created Permission View: can edit on DAG:dataset_consumes_1_never_scheduled
[2026-06-14T21:26:32.774+0000] {logging_mixin.py:188} INFO - [2026-06-14T21:26:32.774+0000] {override.py:1858} INFO - Created Permission View: can read on DAG:dataset_consumes_1_never_scheduled
[2026-06-14T21:26:32.790+0000] {logging_mixin.py:188} INFO - [2026-06-14T21:26:32.790+0000] {override.py:1858} INFO - Created Permission View: can delete on DAG:dataset_consumes_1_and_2
[2026-06-14T21:26:32.800+0000] {logging_mixin.py:188} INFO - [2026-06-14T21:26:32.799+0000] {override.py:1858} INFO - Created Permission View: can edit on DAG:dataset_consumes_1_and_2
[2026-06-14T21:26:32.808+0000] {logging_mixin.py:188} INFO - [2026-06-14T21:26:32.808+0000] {override.py:1858} INFO - Created Permission View: can read on DAG:dataset_consumes_1_and_2
[2026-06-14T21:26:32.828+0000] {logging_mixin.py:188} INFO - [2026-06-14T21:26:32.827+0000] {override.py:1858} INFO - Created Permission View: can delete on DAG:consume_1_or_2_with_dataset_expressions
[2026-06-14T21:26:32.839+0000] {logging_mixin.py:188} INFO - [2026-06-14T21:26:32.838+0000] {override.py:1858} INFO - Created Permission View: can edit on DAG:consume_1_or_2_with_dataset_expressions
[2026-06-14T21:26:32.851+0000] {logging_mixin.py:188} INFO - [2026-06-14T21:26:32.851+0000] {override.py:1858} INFO - Created Permission View: can read on DAG:consume_1_or_2_with_dataset_expressions
[2026-06-14T21:26:32.852+0000] {logging_mixin.py:188} INFO - [2026-06-14T21:26:32.852+0000] {dag.py:3089} INFO - Sync 10 DAGs
[2026-06-14T21:26:32.871+0000] {logging_mixin.py:188} INFO - [2026-06-14T21:26:32.870+0000] {dag.py:3111} INFO - Creating ORM DAG for consume_1_or_both_2_and_3_with_dataset_expressions
[2026-06-14T21:26:32.872+0000] {logging_mixin.py:188} INFO - [2026-06-14T21:26:32.872+0000] {dag.py:3111} INFO - Creating ORM DAG for dataset_consumes_1_never_scheduled
[2026-06-14T21:26:32.874+0000] {logging_mixin.py:188} INFO - [2026-06-14T21:26:32.874+0000] {dag.py:3111} INFO - Creating ORM DAG for consume_1_and_2_with_dataset_expressions
[2026-06-14T21:26:32.876+0000] {logging_mixin.py:188} INFO - [2026-06-14T21:26:32.875+0000] {dag.py:3111} INFO - Creating ORM DAG for consume_1_or_2_with_dataset_expressions
[2026-06-14T21:26:32.877+0000] {logging_mixin.py:188} INFO - [2026-06-14T21:26:32.877+0000] {dag.py:3111} INFO - Creating ORM DAG for dataset_consumes_unknown_never_scheduled
[2026-06-14T21:26:32.878+0000] {logging_mixin.py:188} INFO - [2026-06-14T21:26:32.878+0000] {dag.py:3111} INFO - Creating ORM DAG for dataset_produces_2
[2026-06-14T21:26:32.880+0000] {logging_mixin.py:188} INFO - [2026-06-14T21:26:32.879+0000] {dag.py:3111} INFO - Creating ORM DAG for dataset_consumes_1
[2026-06-14T21:26:32.881+0000] {logging_mixin.py:188} INFO - [2026-06-14T21:26:32.881+0000] {dag.py:3111} INFO - Creating ORM DAG for dataset_produces_1
[2026-06-14T21:26:32.883+0000] {logging_mixin.py:188} INFO - [2026-06-14T21:26:32.883+0000] {dag.py:3111} INFO - Creating ORM DAG for dataset_consumes_1_and_2
[2026-06-14T21:26:32.884+0000] {logging_mixin.py:188} INFO - [2026-06-14T21:26:32.884+0000] {dag.py:3111} INFO - Creating ORM DAG for conditional_dataset_and_time_based_timetable
[2026-06-14T21:26:32.906+0000] {logging_mixin.py:188} INFO - [2026-06-14T21:26:32.906+0000] {dag.py:3947} INFO - Setting next_dagrun for conditional_dataset_and_time_based_timetable to 2026-06-10 01:00:00+00:00, run_after=2026-06-10 01:00:00+00:00
[2026-06-14T21:26:32.908+0000] {logging_mixin.py:188} INFO - [2026-06-14T21:26:32.908+0000] {dag.py:3947} INFO - Setting next_dagrun for consume_1_and_2_with_dataset_expressions to None, run_after=None
[2026-06-14T21:26:32.909+0000] {logging_mixin.py:188} INFO - [2026-06-14T21:26:32.909+0000] {dag.py:3947} INFO - Setting next_dagrun for consume_1_or_2_with_dataset_expressions to None, run_after=None
[2026-06-14T21:26:32.910+0000] {logging_mixin.py:188} INFO - [2026-06-14T21:26:32.910+0000] {dag.py:3947} INFO - Setting next_dagrun for consume_1_or_both_2_and_3_with_dataset_expressions to None, run_after=None
[2026-06-14T21:26:32.912+0000] {logging_mixin.py:188} INFO - [2026-06-14T21:26:32.911+0000] {dag.py:3947} INFO - Setting next_dagrun for dataset_consumes_1 to None, run_after=None
[2026-06-14T21:26:32.913+0000] {logging_mixin.py:188} INFO - [2026-06-14T21:26:32.913+0000] {dag.py:3947} INFO - Setting next_dagrun for dataset_consumes_1_and_2 to None, run_after=None
[2026-06-14T21:26:32.915+0000] {logging_mixin.py:188} INFO - [2026-06-14T21:26:32.914+0000] {dag.py:3947} INFO - Setting next_dagrun for dataset_consumes_1_never_scheduled to None, run_after=None
[2026-06-14T21:26:32.917+0000] {logging_mixin.py:188} INFO - [2026-06-14T21:26:32.916+0000] {dag.py:3947} INFO - Setting next_dagrun for dataset_consumes_unknown_never_scheduled to None, run_after=None
[2026-06-14T21:26:32.919+0000] {logging_mixin.py:188} INFO - [2026-06-14T21:26:32.919+0000] {dag.py:3947} INFO - Setting next_dagrun for dataset_produces_1 to 2026-06-13 00:00:00+00:00, run_after=2026-06-14 00:00:00+00:00
[2026-06-14T21:26:32.921+0000] {logging_mixin.py:188} INFO - [2026-06-14T21:26:32.921+0000] {dag.py:3947} INFO - Setting next_dagrun for dataset_produces_2 to None, run_after=None
[2026-06-14T21:26:33.001+0000] {processor.py:183} INFO - Processing /home/airflow/.local/lib/python3.12/site-packages/airflow/example_dags/example_datasets.py took 0.755 seconds
[2026-06-14T21:27:03.696+0000] {processor.py:161} INFO - Started process (PID=148) to work on /home/airflow/.local/lib/python3.12/site-packages/airflow/example_dags/example_datasets.py
[2026-06-14T21:27:03.698+0000] {processor.py:830} INFO - Processing file /home/airflow/.local/lib/python3.12/site-packages/airflow/example_dags/example_datasets.py for tasks to queue
[2026-06-14T21:27:03.701+0000] {logging_mixin.py:188} INFO - [2026-06-14T21:27:03.700+0000] {dagbag.py:545} INFO - Filling up the DagBag from /home/airflow/.local/lib/python3.12/site-packages/airflow/example_dags/example_datasets.py
[2026-06-14T21:27:03.726+0000] {processor.py:840} INFO - DAG(s) 'dataset_consumes_1_never_scheduled', 'consume_1_or_both_2_and_3_with_dataset_expressions', 'dataset_consumes_unknown_never_scheduled', 'consume_1_or_2_with_dataset_expressions', 'dataset_produces_2', 'dataset_consumes_1', 'consume_1_and_2_with_dataset_expressions', 'conditional_dataset_and_time_based_timetable', 'dataset_consumes_1_and_2', 'dataset_produces_1' retrieved from /home/airflow/.local/lib/python3.12/site-packages/airflow/example_dags/example_datasets.py
[2026-06-14T21:27:03.804+0000] {logging_mixin.py:188} INFO - [2026-06-14T21:27:03.804+0000] {dag.py:3089} INFO - Sync 10 DAGs
[2026-06-14T21:27:03.841+0000] {logging_mixin.py:188} INFO - [2026-06-14T21:27:03.841+0000] {dag.py:3947} INFO - Setting next_dagrun for conditional_dataset_and_time_based_timetable to 2026-06-10 01:00:00+00:00, run_after=2026-06-10 01:00:00+00:00
[2026-06-14T21:27:03.848+0000] {logging_mixin.py:188} INFO - [2026-06-14T21:27:03.847+0000] {dag.py:3947} INFO - Setting next_dagrun for consume_1_and_2_with_dataset_expressions to None, run_after=None
[2026-06-14T21:27:03.850+0000] {logging_mixin.py:188} INFO - [2026-06-14T21:27:03.850+0000] {dag.py:3947} INFO - Setting next_dagrun for consume_1_or_2_with_dataset_expressions to None, run_after=None
[2026-06-14T21:27:03.853+0000] {logging_mixin.py:188} INFO - [2026-06-14T21:27:03.852+0000] {dag.py:3947} INFO - Setting next_dagrun for consume_1_or_both_2_and_3_with_dataset_expressions to None, run_after=None
[2026-06-14T21:27:03.856+0000] {logging_mixin.py:188} INFO - [2026-06-14T21:27:03.856+0000] {dag.py:3947} INFO - Setting next_dagrun for dataset_consumes_1 to None, run_after=None
[2026-06-14T21:27:03.859+0000] {logging_mixin.py:188} INFO - [2026-06-14T21:27:03.858+0000] {dag.py:3947} INFO - Setting next_dagrun for dataset_consumes_1_and_2 to None, run_after=None
[2026-06-14T21:27:03.861+0000] {logging_mixin.py:188} INFO - [2026-06-14T21:27:03.861+0000] {dag.py:3947} INFO - Setting next_dagrun for dataset_consumes_1_never_scheduled to None, run_after=None
[2026-06-14T21:27:03.864+0000] {logging_mixin.py:188} INFO - [2026-06-14T21:27:03.864+0000] {dag.py:3947} INFO - Setting next_dagrun for dataset_consumes_unknown_never_scheduled to None, run_after=None
[2026-06-14T21:27:03.868+0000] {logging_mixin.py:188} INFO - [2026-06-14T21:27:03.868+0000] {dag.py:3947} INFO - Setting next_dagrun for dataset_produces_1 to 2026-06-13 00:00:00+00:00, run_after=2026-06-14 00:00:00+00:00
[2026-06-14T21:27:03.871+0000] {logging_mixin.py:188} INFO - [2026-06-14T21:27:03.871+0000] {dag.py:3947} INFO - Setting next_dagrun for dataset_produces_2 to None, run_after=None
[2026-06-14T21:27:03.922+0000] {processor.py:183} INFO - Processing /home/airflow/.local/lib/python3.12/site-packages/airflow/example_dags/example_datasets.py took 0.234 seconds
[2026-06-14T21:27:34.160+0000] {processor.py:161} INFO - Started process (PID=208) to work on /home/airflow/.local/lib/python3.12/site-packages/airflow/example_dags/example_datasets.py
[2026-06-14T21:27:34.162+0000] {processor.py:830} INFO - Processing file /home/airflow/.local/lib/python3.12/site-packages/airflow/example_dags/example_datasets.py for tasks to queue
[2026-06-14T21:27:34.165+0000] {logging_mixin.py:188} INFO - [2026-06-14T21:27:34.164+0000] {dagbag.py:545} INFO - Filling up the DagBag from /home/airflow/.local/lib/python3.12/site-packages/airflow/example_dags/example_datasets.py
[2026-06-14T21:27:34.184+0000] {processor.py:840} INFO - DAG(s) 'consume_1_or_2_with_dataset_expressions', 'dataset_consumes_unknown_never_scheduled', 'consume_1_and_2_with_dataset_expressions', 'dataset_produces_1', 'dataset_consumes_1_never_scheduled', 'dataset_consumes_1', 'dataset_consumes_1_and_2', 'dataset_produces_2', 'consume_1_or_both_2_and_3_with_dataset_expressions', 'conditional_dataset_and_time_based_timetable' retrieved from /home/airflow/.local/lib/python3.12/site-packages/airflow/example_dags/example_datasets.py
[2026-06-14T21:27:34.320+0000] {logging_mixin.py:188} INFO - [2026-06-14T21:27:34.320+0000] {dag.py:3089} INFO - Sync 10 DAGs
[2026-06-14T21:27:34.371+0000] {logging_mixin.py:188} INFO - [2026-06-14T21:27:34.371+0000] {dag.py:3947} INFO - Setting next_dagrun for conditional_dataset_and_time_based_timetable to 2026-06-10 01:00:00+00:00, run_after=2026-06-10 01:00:00+00:00
[2026-06-14T21:27:34.378+0000] {logging_mixin.py:188} INFO - [2026-06-14T21:27:34.378+0000] {dag.py:3947} INFO - Setting next_dagrun for consume_1_and_2_with_dataset_expressions to None, run_after=None
[2026-06-14T21:27:34.381+0000] {logging_mixin.py:188} INFO - [2026-06-14T21:27:34.381+0000] {dag.py:3947} INFO - Setting next_dagrun for consume_1_or_2_with_dataset_expressions to None, run_after=None
[2026-06-14T21:27:34.384+0000] {logging_mixin.py:188} INFO - [2026-06-14T21:27:34.383+0000] {dag.py:3947} INFO - Setting next_dagrun for consume_1_or_both_2_and_3_with_dataset_expressions to None, run_after=None
[2026-06-14T21:27:34.388+0000] {logging_mixin.py:188} INFO - [2026-06-14T21:27:34.387+0000] {dag.py:3947} INFO - Setting next_dagrun for dataset_consumes_1 to None, run_after=None
[2026-06-14T21:27:34.390+0000] {logging_mixin.py:188} INFO - [2026-06-14T21:27:34.390+0000] {dag.py:3947} INFO - Setting next_dagrun for dataset_consumes_1_and_2 to None, run_after=None
[2026-06-14T21:27:34.393+0000] {logging_mixin.py:188} INFO - [2026-06-14T21:27:34.392+0000] {dag.py:3947} INFO - Setting next_dagrun for dataset_consumes_1_never_scheduled to None, run_after=None
[2026-06-14T21:27:34.395+0000] {logging_mixin.py:188} INFO - [2026-06-14T21:27:34.395+0000] {dag.py:3947} INFO - Setting next_dagrun for dataset_consumes_unknown_never_scheduled to None, run_after=None
[2026-06-14T21:27:34.399+0000] {logging_mixin.py:188} INFO - [2026-06-14T21:27:34.398+0000] {dag.py:3947} INFO - Setting next_dagrun for dataset_produces_1 to 2026-06-13 00:00:00+00:00, run_after=2026-06-14 00:00:00+00:00
[2026-06-14T21:27:34.403+0000] {logging_mixin.py:188} INFO - [2026-06-14T21:27:34.403+0000] {dag.py:3947} INFO - Setting next_dagrun for dataset_produces_2 to None, run_after=None
[2026-06-14T21:27:34.449+0000] {processor.py:183} INFO - Processing /home/airflow/.local/lib/python3.12/site-packages/airflow/example_dags/example_datasets.py took 0.298 seconds
[2026-06-14T21:28:04.825+0000] {processor.py:161} INFO - Started process (PID=264) to work on /home/airflow/.local/lib/python3.12/site-packages/airflow/example_dags/example_datasets.py
[2026-06-14T21:28:04.827+0000] {processor.py:830} INFO - Processing file /home/airflow/.local/lib/python3.12/site-packages/airflow/example_dags/example_datasets.py for tasks to queue
[2026-06-14T21:28:04.830+0000] {logging_mixin.py:188} INFO - [2026-06-14T21:28:04.829+0000] {dagbag.py:545} INFO - Filling up the DagBag from /home/airflow/.local/lib/python3.12/site-packages/airflow/example_dags/example_datasets.py
[2026-06-14T21:28:04.844+0000] {processor.py:840} INFO - DAG(s) 'consume_1_or_2_with_dataset_expressions', 'dataset_consumes_1_and_2', 'dataset_consumes_1_never_scheduled', 'dataset_consumes_1', 'consume_1_or_both_2_and_3_with_dataset_expressions', 'dataset_produces_1', 'dataset_consumes_unknown_never_scheduled', 'dataset_produces_2', 'conditional_dataset_and_time_based_timetable', 'consume_1_and_2_with_dataset_expressions' retrieved from /home/airflow/.local/lib/python3.12/site-packages/airflow/example_dags/example_datasets.py
[2026-06-14T21:28:04.899+0000] {logging_mixin.py:188} INFO - [2026-06-14T21:28:04.899+0000] {dag.py:3089} INFO - Sync 10 DAGs
[2026-06-14T21:28:04.924+0000] {logging_mixin.py:188} INFO - [2026-06-14T21:28:04.924+0000] {dag.py:3947} INFO - Setting next_dagrun for conditional_dataset_and_time_based_timetable to 2026-06-10 01:00:00+00:00, run_after=2026-06-10 01:00:00+00:00
[2026-06-14T21:28:04.929+0000] {logging_mixin.py:188} INFO - [2026-06-14T21:28:04.929+0000] {dag.py:3947} INFO - Setting next_dagrun for consume_1_and_2_with_dataset_expressions to None, run_after=None
[2026-06-14T21:28:04.931+0000] {logging_mixin.py:188} INFO - [2026-06-14T21:28:04.931+0000] {dag.py:3947} INFO - Setting next_dagrun for consume_1_or_2_with_dataset_expressions to None, run_after=None
[2026-06-14T21:28:04.933+0000] {logging_mixin.py:188} INFO - [2026-06-14T21:28:04.933+0000] {dag.py:3947} INFO - Setting next_dagrun for consume_1_or_both_2_and_3_with_dataset_expressions to None, run_after=None
[2026-06-14T21:28:04.935+0000] {logging_mixin.py:188} INFO - [2026-06-14T21:28:04.934+0000] {dag.py:3947} INFO - Setting next_dagrun for dataset_consumes_1 to None, run_after=None
[2026-06-14T21:28:04.936+0000] {logging_mixin.py:188} INFO - [2026-06-14T21:28:04.936+0000] {dag.py:3947} INFO - Setting next_dagrun for dataset_consumes_1_and_2 to None, run_after=None
[2026-06-14T21:28:04.938+0000] {logging_mixin.py:188} INFO - [2026-06-14T21:28:04.938+0000] {dag.py:3947} INFO - Setting next_dagrun for dataset_consumes_1_never_scheduled to None, run_after=None
[2026-06-14T21:28:04.939+0000] {logging_mixin.py:188} INFO - [2026-06-14T21:28:04.939+0000] {dag.py:3947} INFO - Setting next_dagrun for dataset_consumes_unknown_never_scheduled to None, run_after=None
[2026-06-14T21:28:04.942+0000] {logging_mixin.py:188} INFO - [2026-06-14T21:28:04.942+0000] {dag.py:3947} INFO - Setting next_dagrun for dataset_produces_1 to 2026-06-13 00:00:00+00:00, run_after=2026-06-14 00:00:00+00:00
[2026-06-14T21:28:04.944+0000] {logging_mixin.py:188} INFO - [2026-06-14T21:28:04.944+0000] {dag.py:3947} INFO - Setting next_dagrun for dataset_produces_2 to None, run_after=None
[2026-06-14T21:28:04.987+0000] {processor.py:183} INFO - Processing /home/airflow/.local/lib/python3.12/site-packages/airflow/example_dags/example_datasets.py took 0.171 seconds
[2026-06-14T21:28:35.046+0000] {processor.py:161} INFO - Started process (PID=323) to work on /home/airflow/.local/lib/python3.12/site-packages/airflow/example_dags/example_datasets.py
[2026-06-14T21:28:35.048+0000] {processor.py:830} INFO - Processing file /home/airflow/.local/lib/python3.12/site-packages/airflow/example_dags/example_datasets.py for tasks to queue
[2026-06-14T21:28:35.051+0000] {logging_mixin.py:188} INFO - [2026-06-14T21:28:35.051+0000] {dagbag.py:545} INFO - Filling up the DagBag from /home/airflow/.local/lib/python3.12/site-packages/airflow/example_dags/example_datasets.py
[2026-06-14T21:28:35.083+0000] {processor.py:840} INFO - DAG(s) 'dataset_consumes_1', 'dataset_produces_1', 'consume_1_or_2_with_dataset_expressions', 'conditional_dataset_and_time_based_timetable', 'dataset_consumes_unknown_never_scheduled', 'consume_1_and_2_with_dataset_expressions', 'dataset_produces_2', 'consume_1_or_both_2_and_3_with_dataset_expressions', 'dataset_consumes_1_never_scheduled', 'dataset_consumes_1_and_2' retrieved from /home/airflow/.local/lib/python3.12/site-packages/airflow/example_dags/example_datasets.py
[2026-06-14T21:28:35.162+0000] {logging_mixin.py:188} INFO - [2026-06-14T21:28:35.161+0000] {dag.py:3089} INFO - Sync 10 DAGs
[2026-06-14T21:28:35.202+0000] {logging_mixin.py:188} INFO - [2026-06-14T21:28:35.202+0000] {dag.py:3947} INFO - Setting next_dagrun for conditional_dataset_and_time_based_timetable to 2026-06-10 01:00:00+00:00, run_after=2026-06-10 01:00:00+00:00
[2026-06-14T21:28:35.209+0000] {logging_mixin.py:188} INFO - [2026-06-14T21:28:35.209+0000] {dag.py:3947} INFO - Setting next_dagrun for consume_1_and_2_with_dataset_expressions to None, run_after=None
[2026-06-14T21:28:35.212+0000] {logging_mixin.py:188} INFO - [2026-06-14T21:28:35.211+0000] {dag.py:3947} INFO - Setting next_dagrun for consume_1_or_2_with_dataset_expressions to None, run_after=None
[2026-06-14T21:28:35.214+0000] {logging_mixin.py:188} INFO - [2026-06-14T21:28:35.214+0000] {dag.py:3947} INFO - Setting next_dagrun for consume_1_or_both_2_and_3_with_dataset_expressions to None, run_after=None
[2026-06-14T21:28:35.217+0000] {logging_mixin.py:188} INFO - [2026-06-14T21:28:35.216+0000] {dag.py:3947} INFO - Setting next_dagrun for dataset_consumes_1 to None, run_after=None
[2026-06-14T21:28:35.220+0000] {logging_mixin.py:188} INFO - [2026-06-14T21:28:35.220+0000] {dag.py:3947} INFO - Setting next_dagrun for dataset_consumes_1_and_2 to None, run_after=None
[2026-06-14T21:28:35.223+0000] {logging_mixin.py:188} INFO - [2026-06-14T21:28:35.223+0000] {dag.py:3947} INFO - Setting next_dagrun for dataset_consumes_1_never_scheduled to None, run_after=None
[2026-06-14T21:28:35.227+0000] {logging_mixin.py:188} INFO - [2026-06-14T21:28:35.226+0000] {dag.py:3947} INFO - Setting next_dagrun for dataset_consumes_unknown_never_scheduled to None, run_after=None
[2026-06-14T21:28:35.231+0000] {logging_mixin.py:188} INFO - [2026-06-14T21:28:35.230+0000] {dag.py:3947} INFO - Setting next_dagrun for dataset_produces_1 to 2026-06-13 00:00:00+00:00, run_after=2026-06-14 00:00:00+00:00
[2026-06-14T21:28:35.233+0000] {logging_mixin.py:188} INFO - [2026-06-14T21:28:35.233+0000] {dag.py:3947} INFO - Setting next_dagrun for dataset_produces_2 to None, run_after=None
[2026-06-14T21:28:35.302+0000] {processor.py:183} INFO - Processing /home/airflow/.local/lib/python3.12/site-packages/airflow/example_dags/example_datasets.py took 0.268 seconds
[2026-06-14T21:29:05.920+0000] {processor.py:161} INFO - Started process (PID=382) to work on /home/airflow/.local/lib/python3.12/site-packages/airflow/example_dags/example_datasets.py
[2026-06-14T21:29:05.922+0000] {processor.py:830} INFO - Processing file /home/airflow/.local/lib/python3.12/site-packages/airflow/example_dags/example_datasets.py for tasks to queue
[2026-06-14T21:29:05.926+0000] {logging_mixin.py:188} INFO - [2026-06-14T21:29:05.925+0000] {dagbag.py:545} INFO - Filling up the DagBag from /home/airflow/.local/lib/python3.12/site-packages/airflow/example_dags/example_datasets.py
[2026-06-14T21:29:05.950+0000] {processor.py:840} INFO - DAG(s) 'dataset_consumes_unknown_never_scheduled', 'dataset_consumes_1_and_2', 'consume_1_or_2_with_dataset_expressions', 'dataset_produces_2', 'conditional_dataset_and_time_based_timetable', 'dataset_produces_1', 'dataset_consumes_1_never_scheduled', 'consume_1_or_both_2_and_3_with_dataset_expressions', 'dataset_consumes_1', 'consume_1_and_2_with_dataset_expressions' retrieved from /home/airflow/.local/lib/python3.12/site-packages/airflow/example_dags/example_datasets.py
[2026-06-14T21:29:06.033+0000] {logging_mixin.py:188} INFO - [2026-06-14T21:29:06.032+0000] {dag.py:3089} INFO - Sync 10 DAGs
[2026-06-14T21:29:06.085+0000] {logging_mixin.py:188} INFO - [2026-06-14T21:29:06.085+0000] {dag.py:3947} INFO - Setting next_dagrun for conditional_dataset_and_time_based_timetable to 2026-06-10 01:00:00+00:00, run_after=2026-06-10 01:00:00+00:00
[2026-06-14T21:29:06.093+0000] {logging_mixin.py:188} INFO - [2026-06-14T21:29:06.093+0000] {dag.py:3947} INFO - Setting next_dagrun for consume_1_and_2_with_dataset_expressions to None, run_after=None
[2026-06-14T21:29:06.096+0000] {logging_mixin.py:188} INFO - [2026-06-14T21:29:06.096+0000] {dag.py:3947} INFO - Setting next_dagrun for consume_1_or_2_with_dataset_expressions to None, run_after=None
[2026-06-14T21:29:06.099+0000] {logging_mixin.py:188} INFO - [2026-06-14T21:29:06.099+0000] {dag.py:3947} INFO - Setting next_dagrun for consume_1_or_both_2_and_3_with_dataset_expressions to None, run_after=None
[2026-06-14T21:29:06.103+0000] {logging_mixin.py:188} INFO - [2026-06-14T21:29:06.102+0000] {dag.py:3947} INFO - Setting next_dagrun for dataset_consumes_1 to None, run_after=None
[2026-06-14T21:29:06.106+0000] {logging_mixin.py:188} INFO - [2026-06-14T21:29:06.106+0000] {dag.py:3947} INFO - Setting next_dagrun for dataset_consumes_1_and_2 to None, run_after=None
[2026-06-14T21:29:06.110+0000] {logging_mixin.py:188} INFO - [2026-06-14T21:29:06.109+0000] {dag.py:3947} INFO - Setting next_dagrun for dataset_consumes_1_never_scheduled to None, run_after=None
[2026-06-14T21:29:06.113+0000] {logging_mixin.py:188} INFO - [2026-06-14T21:29:06.112+0000] {dag.py:3947} INFO - Setting next_dagrun for dataset_consumes_unknown_never_scheduled to None, run_after=None
[2026-06-14T21:29:06.117+0000] {logging_mixin.py:188} INFO - [2026-06-14T21:29:06.117+0000] {dag.py:3947} INFO - Setting next_dagrun for dataset_produces_1 to 2026-06-13 00:00:00+00:00, run_after=2026-06-14 00:00:00+00:00
[2026-06-14T21:29:06.120+0000] {logging_mixin.py:188} INFO - [2026-06-14T21:29:06.119+0000] {dag.py:3947} INFO - Setting next_dagrun for dataset_produces_2 to None, run_after=None
[2026-06-14T21:29:06.182+0000] {processor.py:183} INFO - Processing /home/airflow/.local/lib/python3.12/site-packages/airflow/example_dags/example_datasets.py took 0.272 seconds
[2026-06-14T21:29:36.334+0000] {processor.py:161} INFO - Started process (PID=441) to work on /home/airflow/.local/lib/python3.12/site-packages/airflow/example_dags/example_datasets.py
[2026-06-14T21:29:36.336+0000] {processor.py:830} INFO - Processing file /home/airflow/.local/lib/python3.12/site-packages/airflow/example_dags/example_datasets.py for tasks to queue
[2026-06-14T21:29:36.340+0000] {logging_mixin.py:188} INFO - [2026-06-14T21:29:36.339+0000] {dagbag.py:545} INFO - Filling up the DagBag from /home/airflow/.local/lib/python3.12/site-packages/airflow/example_dags/example_datasets.py
[2026-06-14T21:29:36.362+0000] {processor.py:840} INFO - DAG(s) 'dataset_produces_1', 'dataset_consumes_unknown_never_scheduled', 'dataset_consumes_1_and_2', 'consume_1_or_2_with_dataset_expressions', 'dataset_consumes_1_never_scheduled', 'consume_1_and_2_with_dataset_expressions', 'conditional_dataset_and_time_based_timetable', 'dataset_consumes_1', 'consume_1_or_both_2_and_3_with_dataset_expressions', 'dataset_produces_2' retrieved from /home/airflow/.local/lib/python3.12/site-packages/airflow/example_dags/example_datasets.py
[2026-06-14T21:29:36.430+0000] {logging_mixin.py:188} INFO - [2026-06-14T21:29:36.430+0000] {dag.py:3089} INFO - Sync 10 DAGs
[2026-06-14T21:29:36.463+0000] {logging_mixin.py:188} INFO - [2026-06-14T21:29:36.463+0000] {dag.py:3947} INFO - Setting next_dagrun for conditional_dataset_and_time_based_timetable to 2026-06-10 01:00:00+00:00, run_after=2026-06-10 01:00:00+00:00
[2026-06-14T21:29:36.470+0000] {logging_mixin.py:188} INFO - [2026-06-14T21:29:36.469+0000] {dag.py:3947} INFO - Setting next_dagrun for consume_1_and_2_with_dataset_expressions to None, run_after=None
[2026-06-14T21:29:36.473+0000] {logging_mixin.py:188} INFO - [2026-06-14T21:29:36.472+0000] {dag.py:3947} INFO - Setting next_dagrun for consume_1_or_2_with_dataset_expressions to None, run_after=None
[2026-06-14T21:29:36.476+0000] {logging_mixin.py:188} INFO - [2026-06-14T21:29:36.475+0000] {dag.py:3947} INFO - Setting next_dagrun for consume_1_or_both_2_and_3_with_dataset_expressions to None, run_after=None
[2026-06-14T21:29:36.480+0000] {logging_mixin.py:188} INFO - [2026-06-14T21:29:36.479+0000] {dag.py:3947} INFO - Setting next_dagrun for dataset_consumes_1 to None, run_after=None
[2026-06-14T21:29:36.483+0000] {logging_mixin.py:188} INFO - [2026-06-14T21:29:36.483+0000] {dag.py:3947} INFO - Setting next_dagrun for dataset_consumes_1_and_2 to None, run_after=None
[2026-06-14T21:29:36.486+0000] {logging_mixin.py:188} INFO - [2026-06-14T21:29:36.486+0000] {dag.py:3947} INFO - Setting next_dagrun for dataset_consumes_1_never_scheduled to None, run_after=None
[2026-06-14T21:29:36.489+0000] {logging_mixin.py:188} INFO - [2026-06-14T21:29:36.489+0000] {dag.py:3947} INFO - Setting next_dagrun for dataset_consumes_unknown_never_scheduled to None, run_after=None
[2026-06-14T21:29:36.493+0000] {logging_mixin.py:188} INFO - [2026-06-14T21:29:36.493+0000] {dag.py:3947} INFO - Setting next_dagrun for dataset_produces_1 to 2026-06-13 00:00:00+00:00, run_after=2026-06-14 00:00:00+00:00
[2026-06-14T21:29:36.495+0000] {logging_mixin.py:188} INFO - [2026-06-14T21:29:36.495+0000] {dag.py:3947} INFO - Setting next_dagrun for dataset_produces_2 to None, run_after=None
[2026-06-14T21:29:36.548+0000] {processor.py:183} INFO - Processing /home/airflow/.local/lib/python3.12/site-packages/airflow/example_dags/example_datasets.py took 0.223 seconds
[2026-06-14T21:30:06.889+0000] {processor.py:161} INFO - Started process (PID=499) to work on /home/airflow/.local/lib/python3.12/site-packages/airflow/example_dags/example_datasets.py
[2026-06-14T21:30:06.891+0000] {processor.py:830} INFO - Processing file /home/airflow/.local/lib/python3.12/site-packages/airflow/example_dags/example_datasets.py for tasks to queue
[2026-06-14T21:30:06.893+0000] {logging_mixin.py:188} INFO - [2026-06-14T21:30:06.892+0000] {dagbag.py:545} INFO - Filling up the DagBag from /home/airflow/.local/lib/python3.12/site-packages/airflow/example_dags/example_datasets.py
[2026-06-14T21:30:06.916+0000] {processor.py:840} INFO - DAG(s) 'dataset_consumes_1', 'dataset_consumes_unknown_never_scheduled', 'dataset_produces_1', 'conditional_dataset_and_time_based_timetable', 'dataset_produces_2', 'dataset_consumes_1_never_scheduled', 'dataset_consumes_1_and_2', 'consume_1_or_2_with_dataset_expressions', 'consume_1_or_both_2_and_3_with_dataset_expressions', 'consume_1_and_2_with_dataset_expressions' retrieved from /home/airflow/.local/lib/python3.12/site-packages/airflow/example_dags/example_datasets.py
[2026-06-14T21:30:06.996+0000] {logging_mixin.py:188} INFO - [2026-06-14T21:30:06.996+0000] {dag.py:3089} INFO - Sync 10 DAGs
[2026-06-14T21:30:07.029+0000] {logging_mixin.py:188} INFO - [2026-06-14T21:30:07.029+0000] {dag.py:3947} INFO - Setting next_dagrun for conditional_dataset_and_time_based_timetable to 2026-06-10 01:00:00+00:00, run_after=2026-06-10 01:00:00+00:00
[2026-06-14T21:30:07.035+0000] {logging_mixin.py:188} INFO - [2026-06-14T21:30:07.034+0000] {dag.py:3947} INFO - Setting next_dagrun for consume_1_and_2_with_dataset_expressions to None, run_after=None
[2026-06-14T21:30:07.037+0000] {logging_mixin.py:188} INFO - [2026-06-14T21:30:07.036+0000] {dag.py:3947} INFO - Setting next_dagrun for consume_1_or_2_with_dataset_expressions to None, run_after=None
[2026-06-14T21:30:07.038+0000] {logging_mixin.py:188} INFO - [2026-06-14T21:30:07.038+0000] {dag.py:3947} INFO - Setting next_dagrun for consume_1_or_both_2_and_3_with_dataset_expressions to None, run_after=None
[2026-06-14T21:30:07.040+0000] {logging_mixin.py:188} INFO - [2026-06-14T21:30:07.040+0000] {dag.py:3947} INFO - Setting next_dagrun for dataset_consumes_1 to None, run_after=None
[2026-06-14T21:30:07.042+0000] {logging_mixin.py:188} INFO - [2026-06-14T21:30:07.042+0000] {dag.py:3947} INFO - Setting next_dagrun for dataset_consumes_1_and_2 to None, run_after=None
[2026-06-14T21:30:07.045+0000] {logging_mixin.py:188} INFO - [2026-06-14T21:30:07.045+0000] {dag.py:3947} INFO - Setting next_dagrun for dataset_consumes_1_never_scheduled to None, run_after=None
[2026-06-14T21:30:07.048+0000] {logging_mixin.py:188} INFO - [2026-06-14T21:30:07.048+0000] {dag.py:3947} INFO - Setting next_dagrun for dataset_consumes_unknown_never_scheduled to None, run_after=None
[2026-06-14T21:30:07.052+0000] {logging_mixin.py:188} INFO - [2026-06-14T21:30:07.051+0000] {dag.py:3947} INFO - Setting next_dagrun for dataset_produces_1 to 2026-06-13 00:00:00+00:00, run_after=2026-06-14 00:00:00+00:00
[2026-06-14T21:30:07.056+0000] {logging_mixin.py:188} INFO - [2026-06-14T21:30:07.055+0000] {dag.py:3947} INFO - Setting next_dagrun for dataset_produces_2 to None, run_after=None
[2026-06-14T21:30:07.136+0000] {processor.py:183} INFO - Processing /home/airflow/.local/lib/python3.12/site-packages/airflow/example_dags/example_datasets.py took 0.254 seconds
[2026-06-14T21:30:37.706+0000] {processor.py:161} INFO - Started process (PID=557) to work on /home/airflow/.local/lib/python3.12/site-packages/airflow/example_dags/example_datasets.py
[2026-06-14T21:30:37.708+0000] {processor.py:830} INFO - Processing file /home/airflow/.local/lib/python3.12/site-packages/airflow/example_dags/example_datasets.py for tasks to queue
[2026-06-14T21:30:37.710+0000] {logging_mixin.py:188} INFO - [2026-06-14T21:30:37.709+0000] {dagbag.py:545} INFO - Filling up the DagBag from /home/airflow/.local/lib/python3.12/site-packages/airflow/example_dags/example_datasets.py
[2026-06-14T21:30:37.735+0000] {processor.py:840} INFO - DAG(s) 'dataset_consumes_unknown_never_scheduled', 'dataset_consumes_1_and_2', 'consume_1_and_2_with_dataset_expressions', 'dataset_consumes_1_never_scheduled', 'conditional_dataset_and_time_based_timetable', 'dataset_produces_2', 'consume_1_or_2_with_dataset_expressions', 'dataset_produces_1', 'consume_1_or_both_2_and_3_with_dataset_expressions', 'dataset_consumes_1' retrieved from /home/airflow/.local/lib/python3.12/site-packages/airflow/example_dags/example_datasets.py
[2026-06-14T21:30:37.799+0000] {logging_mixin.py:188} INFO - [2026-06-14T21:30:37.799+0000] {dag.py:3089} INFO - Sync 10 DAGs
[2026-06-14T21:30:37.834+0000] {logging_mixin.py:188} INFO - [2026-06-14T21:30:37.834+0000] {dag.py:3947} INFO - Setting next_dagrun for conditional_dataset_and_time_based_timetable to 2026-06-10 01:00:00+00:00, run_after=2026-06-10 01:00:00+00:00
[2026-06-14T21:30:37.840+0000] {logging_mixin.py:188} INFO - [2026-06-14T21:30:37.839+0000] {dag.py:3947} INFO - Setting next_dagrun for consume_1_and_2_with_dataset_expressions to None, run_after=None
[2026-06-14T21:30:37.844+0000] {logging_mixin.py:188} INFO - [2026-06-14T21:30:37.843+0000] {dag.py:3947} INFO - Setting next_dagrun for consume_1_or_2_with_dataset_expressions to None, run_after=None
[2026-06-14T21:30:37.847+0000] {logging_mixin.py:188} INFO - [2026-06-14T21:30:37.846+0000] {dag.py:3947} INFO - Setting next_dagrun for consume_1_or_both_2_and_3_with_dataset_expressions to None, run_after=None
[2026-06-14T21:30:37.849+0000] {logging_mixin.py:188} INFO - [2026-06-14T21:30:37.849+0000] {dag.py:3947} INFO - Setting next_dagrun for dataset_consumes_1 to None, run_after=None
[2026-06-14T21:30:37.851+0000] {logging_mixin.py:188} INFO - [2026-06-14T21:30:37.851+0000] {dag.py:3947} INFO - Setting next_dagrun for dataset_consumes_1_and_2 to None, run_after=None
[2026-06-14T21:30:37.853+0000] {logging_mixin.py:188} INFO - [2026-06-14T21:30:37.853+0000] {dag.py:3947} INFO - Setting next_dagrun for dataset_consumes_1_never_scheduled to None, run_after=None
[2026-06-14T21:30:37.855+0000] {logging_mixin.py:188} INFO - [2026-06-14T21:30:37.854+0000] {dag.py:3947} INFO - Setting next_dagrun for dataset_consumes_unknown_never_scheduled to None, run_after=None
[2026-06-14T21:30:37.859+0000] {logging_mixin.py:188} INFO - [2026-06-14T21:30:37.858+0000] {dag.py:3947} INFO - Setting next_dagrun for dataset_produces_1 to 2026-06-13 00:00:00+00:00, run_after=2026-06-14 00:00:00+00:00
[2026-06-14T21:30:37.861+0000] {logging_mixin.py:188} INFO - [2026-06-14T21:30:37.861+0000] {dag.py:3947} INFO - Setting next_dagrun for dataset_produces_2 to None, run_after=None
[2026-06-14T21:30:37.905+0000] {processor.py:183} INFO - Processing /home/airflow/.local/lib/python3.12/site-packages/airflow/example_dags/example_datasets.py took 0.208 seconds
[2026-06-14T21:31:08.629+0000] {processor.py:161} INFO - Started process (PID=616) to work on /home/airflow/.local/lib/python3.12/site-packages/airflow/example_dags/example_datasets.py
[2026-06-14T21:31:08.631+0000] {processor.py:830} INFO - Processing file /home/airflow/.local/lib/python3.12/site-packages/airflow/example_dags/example_datasets.py for tasks to queue
[2026-06-14T21:31:08.633+0000] {logging_mixin.py:188} INFO - [2026-06-14T21:31:08.632+0000] {dagbag.py:545} INFO - Filling up the DagBag from /home/airflow/.local/lib/python3.12/site-packages/airflow/example_dags/example_datasets.py
[2026-06-14T21:31:08.665+0000] {processor.py:840} INFO - DAG(s) 'consume_1_or_2_with_dataset_expressions', 'dataset_consumes_unknown_never_scheduled', 'dataset_produces_1', 'consume_1_or_both_2_and_3_with_dataset_expressions', 'dataset_consumes_1_never_scheduled', 'conditional_dataset_and_time_based_timetable', 'consume_1_and_2_with_dataset_expressions', 'dataset_consumes_1', 'dataset_consumes_1_and_2', 'dataset_produces_2' retrieved from /home/airflow/.local/lib/python3.12/site-packages/airflow/example_dags/example_datasets.py
[2026-06-14T21:31:08.770+0000] {logging_mixin.py:188} INFO - [2026-06-14T21:31:08.770+0000] {dag.py:3089} INFO - Sync 10 DAGs
[2026-06-14T21:31:08.826+0000] {logging_mixin.py:188} INFO - [2026-06-14T21:31:08.826+0000] {dag.py:3947} INFO - Setting next_dagrun for conditional_dataset_and_time_based_timetable to 2026-06-10 01:00:00+00:00, run_after=2026-06-10 01:00:00+00:00
[2026-06-14T21:31:08.838+0000] {logging_mixin.py:188} INFO - [2026-06-14T21:31:08.838+0000] {dag.py:3947} INFO - Setting next_dagrun for consume_1_and_2_with_dataset_expressions to None, run_after=None
[2026-06-14T21:31:08.843+0000] {logging_mixin.py:188} INFO - [2026-06-14T21:31:08.842+0000] {dag.py:3947} INFO - Setting next_dagrun for consume_1_or_2_with_dataset_expressions to None, run_after=None
[2026-06-14T21:31:08.846+0000] {logging_mixin.py:188} INFO - [2026-06-14T21:31:08.846+0000] {dag.py:3947} INFO - Setting next_dagrun for consume_1_or_both_2_and_3_with_dataset_expressions to None, run_after=None
[2026-06-14T21:31:08.850+0000] {logging_mixin.py:188} INFO - [2026-06-14T21:31:08.850+0000] {dag.py:3947} INFO - Setting next_dagrun for dataset_consumes_1 to None, run_after=None
[2026-06-14T21:31:08.853+0000] {logging_mixin.py:188} INFO - [2026-06-14T21:31:08.853+0000] {dag.py:3947} INFO - Setting next_dagrun for dataset_consumes_1_and_2 to None, run_after=None
[2026-06-14T21:31:08.856+0000] {logging_mixin.py:188} INFO - [2026-06-14T21:31:08.856+0000] {dag.py:3947} INFO - Setting next_dagrun for dataset_consumes_1_never_scheduled to None, run_after=None
[2026-06-14T21:31:08.859+0000] {logging_mixin.py:188} INFO - [2026-06-14T21:31:08.859+0000] {dag.py:3947} INFO - Setting next_dagrun for dataset_consumes_unknown_never_scheduled to None, run_after=None
[2026-06-14T21:31:08.865+0000] {logging_mixin.py:188} INFO - [2026-06-14T21:31:08.865+0000] {dag.py:3947} INFO - Setting next_dagrun for dataset_produces_1 to 2026-06-13 00:00:00+00:00, run_after=2026-06-14 00:00:00+00:00
[2026-06-14T21:31:08.868+0000] {logging_mixin.py:188} INFO - [2026-06-14T21:31:08.867+0000] {dag.py:3947} INFO - Setting next_dagrun for dataset_produces_2 to None, run_after=None
[2026-06-14T21:31:08.973+0000] {processor.py:183} INFO - Processing /home/airflow/.local/lib/python3.12/site-packages/airflow/example_dags/example_datasets.py took 0.355 seconds
[2026-06-14T21:31:39.647+0000] {processor.py:161} INFO - Started process (PID=674) to work on /home/airflow/.local/lib/python3.12/site-packages/airflow/example_dags/example_datasets.py
[2026-06-14T21:31:39.650+0000] {processor.py:830} INFO - Processing file /home/airflow/.local/lib/python3.12/site-packages/airflow/example_dags/example_datasets.py for tasks to queue
[2026-06-14T21:31:39.652+0000] {logging_mixin.py:188} INFO - [2026-06-14T21:31:39.652+0000] {dagbag.py:545} INFO - Filling up the DagBag from /home/airflow/.local/lib/python3.12/site-packages/airflow/example_dags/example_datasets.py
[2026-06-14T21:31:39.682+0000] {processor.py:840} INFO - DAG(s) 'dataset_consumes_unknown_never_scheduled', 'consume_1_and_2_with_dataset_expressions', 'consume_1_or_both_2_and_3_with_dataset_expressions', 'dataset_consumes_1_never_scheduled', 'dataset_produces_2', 'consume_1_or_2_with_dataset_expressions', 'dataset_produces_1', 'dataset_consumes_1', 'conditional_dataset_and_time_based_timetable', 'dataset_consumes_1_and_2' retrieved from /home/airflow/.local/lib/python3.12/site-packages/airflow/example_dags/example_datasets.py
[2026-06-14T21:31:39.767+0000] {logging_mixin.py:188} INFO - [2026-06-14T21:31:39.766+0000] {dag.py:3089} INFO - Sync 10 DAGs
[2026-06-14T21:31:39.811+0000] {logging_mixin.py:188} INFO - [2026-06-14T21:31:39.810+0000] {dag.py:3947} INFO - Setting next_dagrun for conditional_dataset_and_time_based_timetable to 2026-06-10 01:00:00+00:00, run_after=2026-06-10 01:00:00+00:00
[2026-06-14T21:31:39.818+0000] {logging_mixin.py:188} INFO - [2026-06-14T21:31:39.818+0000] {dag.py:3947} INFO - Setting next_dagrun for consume_1_and_2_with_dataset_expressions to None, run_after=None
[2026-06-14T21:31:39.821+0000] {logging_mixin.py:188} INFO - [2026-06-14T21:31:39.821+0000] {dag.py:3947} INFO - Setting next_dagrun for consume_1_or_2_with_dataset_expressions to None, run_after=None
[2026-06-14T21:31:39.824+0000] {logging_mixin.py:188} INFO - [2026-06-14T21:31:39.823+0000] {dag.py:3947} INFO - Setting next_dagrun for consume_1_or_both_2_and_3_with_dataset_expressions to None, run_after=None
[2026-06-14T21:31:39.826+0000] {logging_mixin.py:188} INFO - [2026-06-14T21:31:39.826+0000] {dag.py:3947} INFO - Setting next_dagrun for dataset_consumes_1 to None, run_after=None
[2026-06-14T21:31:39.829+0000] {logging_mixin.py:188} INFO - [2026-06-14T21:31:39.829+0000] {dag.py:3947} INFO - Setting next_dagrun for dataset_consumes_1_and_2 to None, run_after=None
[2026-06-14T21:31:39.832+0000] {logging_mixin.py:188} INFO - [2026-06-14T21:31:39.832+0000] {dag.py:3947} INFO - Setting next_dagrun for dataset_consumes_1_never_scheduled to None, run_after=None
[2026-06-14T21:31:39.835+0000] {logging_mixin.py:188} INFO - [2026-06-14T21:31:39.835+0000] {dag.py:3947} INFO - Setting next_dagrun for dataset_consumes_unknown_never_scheduled to None, run_after=None
[2026-06-14T21:31:39.840+0000] {logging_mixin.py:188} INFO - [2026-06-14T21:31:39.840+0000] {dag.py:3947} INFO - Setting next_dagrun for dataset_produces_1 to 2026-06-13 00:00:00+00:00, run_after=2026-06-14 00:00:00+00:00
[2026-06-14T21:31:39.843+0000] {logging_mixin.py:188} INFO - [2026-06-14T21:31:39.842+0000] {dag.py:3947} INFO - Setting next_dagrun for dataset_produces_2 to None, run_after=None
[2026-06-14T21:31:39.905+0000] {processor.py:183} INFO - Processing /home/airflow/.local/lib/python3.12/site-packages/airflow/example_dags/example_datasets.py took 0.270 seconds
[2026-06-14T21:32:10.089+0000] {processor.py:161} INFO - Started process (PID=731) to work on /home/airflow/.local/lib/python3.12/site-packages/airflow/example_dags/example_datasets.py
[2026-06-14T21:32:10.090+0000] {processor.py:830} INFO - Processing file /home/airflow/.local/lib/python3.12/site-packages/airflow/example_dags/example_datasets.py for tasks to queue
[2026-06-14T21:32:10.092+0000] {logging_mixin.py:188} INFO - [2026-06-14T21:32:10.092+0000] {dagbag.py:545} INFO - Filling up the DagBag from /home/airflow/.local/lib/python3.12/site-packages/airflow/example_dags/example_datasets.py
[2026-06-14T21:32:10.122+0000] {processor.py:840} INFO - DAG(s) 'dataset_consumes_1', 'dataset_produces_1', 'consume_1_or_both_2_and_3_with_dataset_expressions', 'consume_1_and_2_with_dataset_expressions', 'conditional_dataset_and_time_based_timetable', 'dataset_consumes_unknown_never_scheduled', 'dataset_consumes_1_and_2', 'dataset_produces_2', 'consume_1_or_2_with_dataset_expressions', 'dataset_consumes_1_never_scheduled' retrieved from /home/airflow/.local/lib/python3.12/site-packages/airflow/example_dags/example_datasets.py
[2026-06-14T21:32:10.211+0000] {logging_mixin.py:188} INFO - [2026-06-14T21:32:10.210+0000] {dag.py:3089} INFO - Sync 10 DAGs
[2026-06-14T21:32:10.269+0000] {logging_mixin.py:188} INFO - [2026-06-14T21:32:10.269+0000] {dag.py:3947} INFO - Setting next_dagrun for conditional_dataset_and_time_based_timetable to 2026-06-10 01:00:00+00:00, run_after=2026-06-10 01:00:00+00:00
[2026-06-14T21:32:10.276+0000] {logging_mixin.py:188} INFO - [2026-06-14T21:32:10.276+0000] {dag.py:3947} INFO - Setting next_dagrun for consume_1_and_2_with_dataset_expressions to None, run_after=None
[2026-06-14T21:32:10.280+0000] {logging_mixin.py:188} INFO - [2026-06-14T21:32:10.279+0000] {dag.py:3947} INFO - Setting next_dagrun for consume_1_or_2_with_dataset_expressions to None, run_after=None
[2026-06-14T21:32:10.284+0000] {logging_mixin.py:188} INFO - [2026-06-14T21:32:10.284+0000] {dag.py:3947} INFO - Setting next_dagrun for consume_1_or_both_2_and_3_with_dataset_expressions to None, run_after=None
[2026-06-14T21:32:10.286+0000] {logging_mixin.py:188} INFO - [2026-06-14T21:32:10.286+0000] {dag.py:3947} INFO - Setting next_dagrun for dataset_consumes_1 to None, run_after=None
[2026-06-14T21:32:10.289+0000] {logging_mixin.py:188} INFO - [2026-06-14T21:32:10.289+0000] {dag.py:3947} INFO - Setting next_dagrun for dataset_consumes_1_and_2 to None, run_after=None
[2026-06-14T21:32:10.292+0000] {logging_mixin.py:188} INFO - [2026-06-14T21:32:10.292+0000] {dag.py:3947} INFO - Setting next_dagrun for dataset_consumes_1_never_scheduled to None, run_after=None
[2026-06-14T21:32:10.296+0000] {logging_mixin.py:188} INFO - [2026-06-14T21:32:10.295+0000] {dag.py:3947} INFO - Setting next_dagrun for dataset_consumes_unknown_never_scheduled to None, run_after=None
[2026-06-14T21:32:10.301+0000] {logging_mixin.py:188} INFO - [2026-06-14T21:32:10.301+0000] {dag.py:3947} INFO - Setting next_dagrun for dataset_produces_1 to 2026-06-13 00:00:00+00:00, run_after=2026-06-14 00:00:00+00:00
[2026-06-14T21:32:10.305+0000] {logging_mixin.py:188} INFO - [2026-06-14T21:32:10.305+0000] {dag.py:3947} INFO - Setting next_dagrun for dataset_produces_2 to None, run_after=None
[2026-06-14T21:32:10.382+0000] {processor.py:183} INFO - Processing /home/airflow/.local/lib/python3.12/site-packages/airflow/example_dags/example_datasets.py took 0.302 seconds
[2026-06-14T21:40:01.180+0000] {processor.py:161} INFO - Started process (PID=88) to work on /home/airflow/.local/lib/python3.12/site-packages/airflow/example_dags/example_datasets.py
[2026-06-14T21:40:01.182+0000] {processor.py:830} INFO - Processing file /home/airflow/.local/lib/python3.12/site-packages/airflow/example_dags/example_datasets.py for tasks to queue
[2026-06-14T21:40:01.186+0000] {logging_mixin.py:188} INFO - [2026-06-14T21:40:01.185+0000] {dagbag.py:545} INFO - Filling up the DagBag from /home/airflow/.local/lib/python3.12/site-packages/airflow/example_dags/example_datasets.py
[2026-06-14T21:40:01.227+0000] {processor.py:840} INFO - DAG(s) 'dataset_produces_2', 'dataset_consumes_1_and_2', 'consume_1_or_2_with_dataset_expressions', 'dataset_consumes_1', 'conditional_dataset_and_time_based_timetable', 'dataset_consumes_unknown_never_scheduled', 'dataset_produces_1', 'consume_1_or_both_2_and_3_with_dataset_expressions', 'consume_1_and_2_with_dataset_expressions', 'dataset_consumes_1_never_scheduled' retrieved from /home/airflow/.local/lib/python3.12/site-packages/airflow/example_dags/example_datasets.py
[2026-06-14T21:40:01.514+0000] {logging_mixin.py:188} INFO - [2026-06-14T21:40:01.514+0000] {dag.py:3089} INFO - Sync 10 DAGs
[2026-06-14T21:40:01.545+0000] {logging_mixin.py:188} INFO - [2026-06-14T21:40:01.544+0000] {dag.py:3947} INFO - Setting next_dagrun for conditional_dataset_and_time_based_timetable to 2026-06-10 01:00:00+00:00, run_after=2026-06-10 01:00:00+00:00
[2026-06-14T21:40:01.550+0000] {logging_mixin.py:188} INFO - [2026-06-14T21:40:01.550+0000] {dag.py:3947} INFO - Setting next_dagrun for consume_1_and_2_with_dataset_expressions to None, run_after=None
[2026-06-14T21:40:01.553+0000] {logging_mixin.py:188} INFO - [2026-06-14T21:40:01.552+0000] {dag.py:3947} INFO - Setting next_dagrun for consume_1_or_2_with_dataset_expressions to None, run_after=None
[2026-06-14T21:40:01.555+0000] {logging_mixin.py:188} INFO - [2026-06-14T21:40:01.555+0000] {dag.py:3947} INFO - Setting next_dagrun for consume_1_or_both_2_and_3_with_dataset_expressions to None, run_after=None
[2026-06-14T21:40:01.558+0000] {logging_mixin.py:188} INFO - [2026-06-14T21:40:01.558+0000] {dag.py:3947} INFO - Setting next_dagrun for dataset_consumes_1 to None, run_after=None
[2026-06-14T21:40:01.561+0000] {logging_mixin.py:188} INFO - [2026-06-14T21:40:01.560+0000] {dag.py:3947} INFO - Setting next_dagrun for dataset_consumes_1_and_2 to None, run_after=None
[2026-06-14T21:40:01.563+0000] {logging_mixin.py:188} INFO - [2026-06-14T21:40:01.563+0000] {dag.py:3947} INFO - Setting next_dagrun for dataset_consumes_1_never_scheduled to None, run_after=None
[2026-06-14T21:40:01.565+0000] {logging_mixin.py:188} INFO - [2026-06-14T21:40:01.565+0000] {dag.py:3947} INFO - Setting next_dagrun for dataset_consumes_unknown_never_scheduled to None, run_after=None
[2026-06-14T21:40:01.570+0000] {logging_mixin.py:188} INFO - [2026-06-14T21:40:01.570+0000] {dag.py:3947} INFO - Setting next_dagrun for dataset_produces_1 to 2026-06-13 00:00:00+00:00, run_after=2026-06-14 00:00:00+00:00
[2026-06-14T21:40:01.573+0000] {logging_mixin.py:188} INFO - [2026-06-14T21:40:01.572+0000] {dag.py:3947} INFO - Setting next_dagrun for dataset_produces_2 to None, run_after=None
[2026-06-14T21:40:01.626+0000] {processor.py:183} INFO - Processing /home/airflow/.local/lib/python3.12/site-packages/airflow/example_dags/example_datasets.py took 0.460 seconds
[2026-06-14T21:40:31.860+0000] {processor.py:161} INFO - Started process (PID=147) to work on /home/airflow/.local/lib/python3.12/site-packages/airflow/example_dags/example_datasets.py
[2026-06-14T21:40:31.862+0000] {processor.py:830} INFO - Processing file /home/airflow/.local/lib/python3.12/site-packages/airflow/example_dags/example_datasets.py for tasks to queue
[2026-06-14T21:40:31.867+0000] {logging_mixin.py:188} INFO - [2026-06-14T21:40:31.866+0000] {dagbag.py:545} INFO - Filling up the DagBag from /home/airflow/.local/lib/python3.12/site-packages/airflow/example_dags/example_datasets.py
[2026-06-14T21:40:31.895+0000] {processor.py:840} INFO - DAG(s) 'dataset_consumes_1_and_2', 'consume_1_and_2_with_dataset_expressions', 'dataset_consumes_1_never_scheduled', 'dataset_produces_2', 'consume_1_or_both_2_and_3_with_dataset_expressions', 'dataset_consumes_1', 'dataset_produces_1', 'consume_1_or_2_with_dataset_expressions', 'dataset_consumes_unknown_never_scheduled', 'conditional_dataset_and_time_based_timetable' retrieved from /home/airflow/.local/lib/python3.12/site-packages/airflow/example_dags/example_datasets.py
[2026-06-14T21:40:31.983+0000] {logging_mixin.py:188} INFO - [2026-06-14T21:40:31.983+0000] {dag.py:3089} INFO - Sync 10 DAGs
[2026-06-14T21:40:32.030+0000] {logging_mixin.py:188} INFO - [2026-06-14T21:40:32.030+0000] {dag.py:3947} INFO - Setting next_dagrun for conditional_dataset_and_time_based_timetable to 2026-06-10 01:00:00+00:00, run_after=2026-06-10 01:00:00+00:00
[2026-06-14T21:40:32.036+0000] {logging_mixin.py:188} INFO - [2026-06-14T21:40:32.036+0000] {dag.py:3947} INFO - Setting next_dagrun for consume_1_and_2_with_dataset_expressions to None, run_after=None
[2026-06-14T21:40:32.038+0000] {logging_mixin.py:188} INFO - [2026-06-14T21:40:32.038+0000] {dag.py:3947} INFO - Setting next_dagrun for consume_1_or_2_with_dataset_expressions to None, run_after=None
[2026-06-14T21:40:32.041+0000] {logging_mixin.py:188} INFO - [2026-06-14T21:40:32.040+0000] {dag.py:3947} INFO - Setting next_dagrun for consume_1_or_both_2_and_3_with_dataset_expressions to None, run_after=None
[2026-06-14T21:40:32.043+0000] {logging_mixin.py:188} INFO - [2026-06-14T21:40:32.043+0000] {dag.py:3947} INFO - Setting next_dagrun for dataset_consumes_1 to None, run_after=None
[2026-06-14T21:40:32.046+0000] {logging_mixin.py:188} INFO - [2026-06-14T21:40:32.045+0000] {dag.py:3947} INFO - Setting next_dagrun for dataset_consumes_1_and_2 to None, run_after=None
[2026-06-14T21:40:32.048+0000] {logging_mixin.py:188} INFO - [2026-06-14T21:40:32.048+0000] {dag.py:3947} INFO - Setting next_dagrun for dataset_consumes_1_never_scheduled to None, run_after=None
[2026-06-14T21:40:32.050+0000] {logging_mixin.py:188} INFO - [2026-06-14T21:40:32.050+0000] {dag.py:3947} INFO - Setting next_dagrun for dataset_consumes_unknown_never_scheduled to None, run_after=None
[2026-06-14T21:40:32.053+0000] {logging_mixin.py:188} INFO - [2026-06-14T21:40:32.053+0000] {dag.py:3947} INFO - Setting next_dagrun for dataset_produces_1 to 2026-06-13 00:00:00+00:00, run_after=2026-06-14 00:00:00+00:00
[2026-06-14T21:40:32.056+0000] {logging_mixin.py:188} INFO - [2026-06-14T21:40:32.055+0000] {dag.py:3947} INFO - Setting next_dagrun for dataset_produces_2 to None, run_after=None
[2026-06-14T21:40:32.107+0000] {processor.py:183} INFO - Processing /home/airflow/.local/lib/python3.12/site-packages/airflow/example_dags/example_datasets.py took 0.261 seconds
[2026-06-14T21:41:02.371+0000] {processor.py:161} INFO - Started process (PID=207) to work on /home/airflow/.local/lib/python3.12/site-packages/airflow/example_dags/example_datasets.py
[2026-06-14T21:41:02.373+0000] {processor.py:830} INFO - Processing file /home/airflow/.local/lib/python3.12/site-packages/airflow/example_dags/example_datasets.py for tasks to queue
[2026-06-14T21:41:02.376+0000] {logging_mixin.py:188} INFO - [2026-06-14T21:41:02.376+0000] {dagbag.py:545} INFO - Filling up the DagBag from /home/airflow/.local/lib/python3.12/site-packages/airflow/example_dags/example_datasets.py
[2026-06-14T21:41:02.399+0000] {processor.py:840} INFO - DAG(s) 'conditional_dataset_and_time_based_timetable', 'dataset_consumes_1_never_scheduled', 'dataset_consumes_1', 'consume_1_and_2_with_dataset_expressions', 'dataset_consumes_unknown_never_scheduled', 'dataset_produces_1', 'consume_1_or_both_2_and_3_with_dataset_expressions', 'dataset_consumes_1_and_2', 'consume_1_or_2_with_dataset_expressions', 'dataset_produces_2' retrieved from /home/airflow/.local/lib/python3.12/site-packages/airflow/example_dags/example_datasets.py
[2026-06-14T21:41:02.482+0000] {logging_mixin.py:188} INFO - [2026-06-14T21:41:02.481+0000] {dag.py:3089} INFO - Sync 10 DAGs
[2026-06-14T21:41:02.541+0000] {logging_mixin.py:188} INFO - [2026-06-14T21:41:02.540+0000] {dag.py:3947} INFO - Setting next_dagrun for conditional_dataset_and_time_based_timetable to 2026-06-10 01:00:00+00:00, run_after=2026-06-10 01:00:00+00:00
[2026-06-14T21:41:02.553+0000] {logging_mixin.py:188} INFO - [2026-06-14T21:41:02.552+0000] {dag.py:3947} INFO - Setting next_dagrun for consume_1_and_2_with_dataset_expressions to None, run_after=None
[2026-06-14T21:41:02.557+0000] {logging_mixin.py:188} INFO - [2026-06-14T21:41:02.556+0000] {dag.py:3947} INFO - Setting next_dagrun for consume_1_or_2_with_dataset_expressions to None, run_after=None
[2026-06-14T21:41:02.563+0000] {logging_mixin.py:188} INFO - [2026-06-14T21:41:02.563+0000] {dag.py:3947} INFO - Setting next_dagrun for consume_1_or_both_2_and_3_with_dataset_expressions to None, run_after=None
[2026-06-14T21:41:02.567+0000] {logging_mixin.py:188} INFO - [2026-06-14T21:41:02.567+0000] {dag.py:3947} INFO - Setting next_dagrun for dataset_consumes_1 to None, run_after=None
[2026-06-14T21:41:02.572+0000] {logging_mixin.py:188} INFO - [2026-06-14T21:41:02.571+0000] {dag.py:3947} INFO - Setting next_dagrun for dataset_consumes_1_and_2 to None, run_after=None
[2026-06-14T21:41:02.576+0000] {logging_mixin.py:188} INFO - [2026-06-14T21:41:02.576+0000] {dag.py:3947} INFO - Setting next_dagrun for dataset_consumes_1_never_scheduled to None, run_after=None
[2026-06-14T21:41:02.596+0000] {logging_mixin.py:188} INFO - [2026-06-14T21:41:02.594+0000] {dag.py:3947} INFO - Setting next_dagrun for dataset_consumes_unknown_never_scheduled to None, run_after=None
[2026-06-14T21:41:02.604+0000] {logging_mixin.py:188} INFO - [2026-06-14T21:41:02.604+0000] {dag.py:3947} INFO - Setting next_dagrun for dataset_produces_1 to 2026-06-13 00:00:00+00:00, run_after=2026-06-14 00:00:00+00:00
[2026-06-14T21:41:02.608+0000] {logging_mixin.py:188} INFO - [2026-06-14T21:41:02.607+0000] {dag.py:3947} INFO - Setting next_dagrun for dataset_produces_2 to None, run_after=None
[2026-06-14T21:41:02.686+0000] {processor.py:183} INFO - Processing /home/airflow/.local/lib/python3.12/site-packages/airflow/example_dags/example_datasets.py took 0.326 seconds
[2026-06-14T21:41:33.478+0000] {processor.py:161} INFO - Started process (PID=266) to work on /home/airflow/.local/lib/python3.12/site-packages/airflow/example_dags/example_datasets.py
[2026-06-14T21:41:33.479+0000] {processor.py:830} INFO - Processing file /home/airflow/.local/lib/python3.12/site-packages/airflow/example_dags/example_datasets.py for tasks to queue
[2026-06-14T21:41:33.482+0000] {logging_mixin.py:188} INFO - [2026-06-14T21:41:33.482+0000] {dagbag.py:545} INFO - Filling up the DagBag from /home/airflow/.local/lib/python3.12/site-packages/airflow/example_dags/example_datasets.py
[2026-06-14T21:41:33.509+0000] {processor.py:840} INFO - DAG(s) 'consume_1_or_2_with_dataset_expressions', 'dataset_consumes_unknown_never_scheduled', 'dataset_consumes_1_and_2', 'dataset_produces_2', 'consume_1_or_both_2_and_3_with_dataset_expressions', 'dataset_consumes_1', 'dataset_produces_1', 'consume_1_and_2_with_dataset_expressions', 'conditional_dataset_and_time_based_timetable', 'dataset_consumes_1_never_scheduled' retrieved from /home/airflow/.local/lib/python3.12/site-packages/airflow/example_dags/example_datasets.py
[2026-06-14T21:41:33.591+0000] {logging_mixin.py:188} INFO - [2026-06-14T21:41:33.590+0000] {dag.py:3089} INFO - Sync 10 DAGs
[2026-06-14T21:41:33.632+0000] {logging_mixin.py:188} INFO - [2026-06-14T21:41:33.632+0000] {dag.py:3947} INFO - Setting next_dagrun for conditional_dataset_and_time_based_timetable to 2026-06-10 01:00:00+00:00, run_after=2026-06-10 01:00:00+00:00
[2026-06-14T21:41:33.639+0000] {logging_mixin.py:188} INFO - [2026-06-14T21:41:33.639+0000] {dag.py:3947} INFO - Setting next_dagrun for consume_1_and_2_with_dataset_expressions to None, run_after=None
[2026-06-14T21:41:33.643+0000] {logging_mixin.py:188} INFO - [2026-06-14T21:41:33.642+0000] {dag.py:3947} INFO - Setting next_dagrun for consume_1_or_2_with_dataset_expressions to None, run_after=None
[2026-06-14T21:41:33.645+0000] {logging_mixin.py:188} INFO - [2026-06-14T21:41:33.645+0000] {dag.py:3947} INFO - Setting next_dagrun for consume_1_or_both_2_and_3_with_dataset_expressions to None, run_after=None
[2026-06-14T21:41:33.648+0000] {logging_mixin.py:188} INFO - [2026-06-14T21:41:33.647+0000] {dag.py:3947} INFO - Setting next_dagrun for dataset_consumes_1 to None, run_after=None
[2026-06-14T21:41:33.651+0000] {logging_mixin.py:188} INFO - [2026-06-14T21:41:33.650+0000] {dag.py:3947} INFO - Setting next_dagrun for dataset_consumes_1_and_2 to None, run_after=None
[2026-06-14T21:41:33.653+0000] {logging_mixin.py:188} INFO - [2026-06-14T21:41:33.653+0000] {dag.py:3947} INFO - Setting next_dagrun for dataset_consumes_1_never_scheduled to None, run_after=None
[2026-06-14T21:41:33.656+0000] {logging_mixin.py:188} INFO - [2026-06-14T21:41:33.656+0000] {dag.py:3947} INFO - Setting next_dagrun for dataset_consumes_unknown_never_scheduled to None, run_after=None
[2026-06-14T21:41:33.662+0000] {logging_mixin.py:188} INFO - [2026-06-14T21:41:33.661+0000] {dag.py:3947} INFO - Setting next_dagrun for dataset_produces_1 to 2026-06-13 00:00:00+00:00, run_after=2026-06-14 00:00:00+00:00
[2026-06-14T21:41:33.665+0000] {logging_mixin.py:188} INFO - [2026-06-14T21:41:33.665+0000] {dag.py:3947} INFO - Setting next_dagrun for dataset_produces_2 to None, run_after=None
[2026-06-14T21:41:33.730+0000] {processor.py:183} INFO - Processing /home/airflow/.local/lib/python3.12/site-packages/airflow/example_dags/example_datasets.py took 0.265 seconds
[2026-06-14T21:42:03.900+0000] {processor.py:161} INFO - Started process (PID=324) to work on /home/airflow/.local/lib/python3.12/site-packages/airflow/example_dags/example_datasets.py
[2026-06-14T21:42:03.903+0000] {processor.py:830} INFO - Processing file /home/airflow/.local/lib/python3.12/site-packages/airflow/example_dags/example_datasets.py for tasks to queue
[2026-06-14T21:42:03.907+0000] {logging_mixin.py:188} INFO - [2026-06-14T21:42:03.906+0000] {dagbag.py:545} INFO - Filling up the DagBag from /home/airflow/.local/lib/python3.12/site-packages/airflow/example_dags/example_datasets.py
[2026-06-14T21:42:03.936+0000] {processor.py:840} INFO - DAG(s) 'consume_1_or_both_2_and_3_with_dataset_expressions', 'dataset_consumes_1_never_scheduled', 'dataset_produces_2', 'consume_1_or_2_with_dataset_expressions', 'dataset_consumes_1_and_2', 'conditional_dataset_and_time_based_timetable', 'dataset_produces_1', 'dataset_consumes_1', 'consume_1_and_2_with_dataset_expressions', 'dataset_consumes_unknown_never_scheduled' retrieved from /home/airflow/.local/lib/python3.12/site-packages/airflow/example_dags/example_datasets.py
[2026-06-14T21:42:04.026+0000] {logging_mixin.py:188} INFO - [2026-06-14T21:42:04.026+0000] {dag.py:3089} INFO - Sync 10 DAGs
[2026-06-14T21:42:04.062+0000] {logging_mixin.py:188} INFO - [2026-06-14T21:42:04.062+0000] {dag.py:3947} INFO - Setting next_dagrun for conditional_dataset_and_time_based_timetable to 2026-06-10 01:00:00+00:00, run_after=2026-06-10 01:00:00+00:00
[2026-06-14T21:42:04.069+0000] {logging_mixin.py:188} INFO - [2026-06-14T21:42:04.068+0000] {dag.py:3947} INFO - Setting next_dagrun for consume_1_and_2_with_dataset_expressions to None, run_after=None
[2026-06-14T21:42:04.071+0000] {logging_mixin.py:188} INFO - [2026-06-14T21:42:04.071+0000] {dag.py:3947} INFO - Setting next_dagrun for consume_1_or_2_with_dataset_expressions to None, run_after=None
[2026-06-14T21:42:04.073+0000] {logging_mixin.py:188} INFO - [2026-06-14T21:42:04.073+0000] {dag.py:3947} INFO - Setting next_dagrun for consume_1_or_both_2_and_3_with_dataset_expressions to None, run_after=None
[2026-06-14T21:42:04.076+0000] {logging_mixin.py:188} INFO - [2026-06-14T21:42:04.076+0000] {dag.py:3947} INFO - Setting next_dagrun for dataset_consumes_1 to None, run_after=None
[2026-06-14T21:42:04.078+0000] {logging_mixin.py:188} INFO - [2026-06-14T21:42:04.078+0000] {dag.py:3947} INFO - Setting next_dagrun for dataset_consumes_1_and_2 to None, run_after=None
[2026-06-14T21:42:04.080+0000] {logging_mixin.py:188} INFO - [2026-06-14T21:42:04.080+0000] {dag.py:3947} INFO - Setting next_dagrun for dataset_consumes_1_never_scheduled to None, run_after=None
[2026-06-14T21:42:04.083+0000] {logging_mixin.py:188} INFO - [2026-06-14T21:42:04.083+0000] {dag.py:3947} INFO - Setting next_dagrun for dataset_consumes_unknown_never_scheduled to None, run_after=None
[2026-06-14T21:42:04.089+0000] {logging_mixin.py:188} INFO - [2026-06-14T21:42:04.088+0000] {dag.py:3947} INFO - Setting next_dagrun for dataset_produces_1 to 2026-06-13 00:00:00+00:00, run_after=2026-06-14 00:00:00+00:00
[2026-06-14T21:42:04.092+0000] {logging_mixin.py:188} INFO - [2026-06-14T21:42:04.092+0000] {dag.py:3947} INFO - Setting next_dagrun for dataset_produces_2 to None, run_after=None
[2026-06-14T21:42:04.156+0000] {processor.py:183} INFO - Processing /home/airflow/.local/lib/python3.12/site-packages/airflow/example_dags/example_datasets.py took 0.268 seconds
[2026-06-14T21:42:34.720+0000] {processor.py:161} INFO - Started process (PID=383) to work on /home/airflow/.local/lib/python3.12/site-packages/airflow/example_dags/example_datasets.py
[2026-06-14T21:42:34.722+0000] {processor.py:830} INFO - Processing file /home/airflow/.local/lib/python3.12/site-packages/airflow/example_dags/example_datasets.py for tasks to queue
[2026-06-14T21:42:34.725+0000] {logging_mixin.py:188} INFO - [2026-06-14T21:42:34.725+0000] {dagbag.py:545} INFO - Filling up the DagBag from /home/airflow/.local/lib/python3.12/site-packages/airflow/example_dags/example_datasets.py
[2026-06-14T21:42:34.755+0000] {processor.py:840} INFO - DAG(s) 'dataset_consumes_1_and_2', 'consume_1_and_2_with_dataset_expressions', 'consume_1_or_2_with_dataset_expressions', 'dataset_consumes_1', 'consume_1_or_both_2_and_3_with_dataset_expressions', 'conditional_dataset_and_time_based_timetable', 'dataset_consumes_unknown_never_scheduled', 'dataset_consumes_1_never_scheduled', 'dataset_produces_2', 'dataset_produces_1' retrieved from /home/airflow/.local/lib/python3.12/site-packages/airflow/example_dags/example_datasets.py
[2026-06-14T21:42:34.840+0000] {logging_mixin.py:188} INFO - [2026-06-14T21:42:34.840+0000] {dag.py:3089} INFO - Sync 10 DAGs
[2026-06-14T21:42:34.883+0000] {logging_mixin.py:188} INFO - [2026-06-14T21:42:34.883+0000] {dag.py:3947} INFO - Setting next_dagrun for conditional_dataset_and_time_based_timetable to 2026-06-10 01:00:00+00:00, run_after=2026-06-10 01:00:00+00:00
[2026-06-14T21:42:34.889+0000] {logging_mixin.py:188} INFO - [2026-06-14T21:42:34.889+0000] {dag.py:3947} INFO - Setting next_dagrun for consume_1_and_2_with_dataset_expressions to None, run_after=None
[2026-06-14T21:42:34.892+0000] {logging_mixin.py:188} INFO - [2026-06-14T21:42:34.891+0000] {dag.py:3947} INFO - Setting next_dagrun for consume_1_or_2_with_dataset_expressions to None, run_after=None
[2026-06-14T21:42:34.894+0000] {logging_mixin.py:188} INFO - [2026-06-14T21:42:34.894+0000] {dag.py:3947} INFO - Setting next_dagrun for consume_1_or_both_2_and_3_with_dataset_expressions to None, run_after=None
[2026-06-14T21:42:34.897+0000] {logging_mixin.py:188} INFO - [2026-06-14T21:42:34.896+0000] {dag.py:3947} INFO - Setting next_dagrun for dataset_consumes_1 to None, run_after=None
[2026-06-14T21:42:34.899+0000] {logging_mixin.py:188} INFO - [2026-06-14T21:42:34.898+0000] {dag.py:3947} INFO - Setting next_dagrun for dataset_consumes_1_and_2 to None, run_after=None
[2026-06-14T21:42:34.901+0000] {logging_mixin.py:188} INFO - [2026-06-14T21:42:34.901+0000] {dag.py:3947} INFO - Setting next_dagrun for dataset_consumes_1_never_scheduled to None, run_after=None
[2026-06-14T21:42:34.903+0000] {logging_mixin.py:188} INFO - [2026-06-14T21:42:34.903+0000] {dag.py:3947} INFO - Setting next_dagrun for dataset_consumes_unknown_never_scheduled to None, run_after=None
[2026-06-14T21:42:34.907+0000] {logging_mixin.py:188} INFO - [2026-06-14T21:42:34.906+0000] {dag.py:3947} INFO - Setting next_dagrun for dataset_produces_1 to 2026-06-13 00:00:00+00:00, run_after=2026-06-14 00:00:00+00:00
[2026-06-14T21:42:34.910+0000] {logging_mixin.py:188} INFO - [2026-06-14T21:42:34.909+0000] {dag.py:3947} INFO - Setting next_dagrun for dataset_produces_2 to None, run_after=None
[2026-06-14T21:42:34.986+0000] {processor.py:183} INFO - Processing /home/airflow/.local/lib/python3.12/site-packages/airflow/example_dags/example_datasets.py took 0.277 seconds
[2026-06-14T21:43:05.210+0000] {processor.py:161} INFO - Started process (PID=442) to work on /home/airflow/.local/lib/python3.12/site-packages/airflow/example_dags/example_datasets.py
[2026-06-14T21:43:05.212+0000] {processor.py:830} INFO - Processing file /home/airflow/.local/lib/python3.12/site-packages/airflow/example_dags/example_datasets.py for tasks to queue
[2026-06-14T21:43:05.215+0000] {logging_mixin.py:188} INFO - [2026-06-14T21:43:05.214+0000] {dagbag.py:545} INFO - Filling up the DagBag from /home/airflow/.local/lib/python3.12/site-packages/airflow/example_dags/example_datasets.py
[2026-06-14T21:43:05.235+0000] {processor.py:840} INFO - DAG(s) 'dataset_consumes_unknown_never_scheduled', 'dataset_consumes_1', 'consume_1_and_2_with_dataset_expressions', 'dataset_consumes_1_and_2', 'dataset_consumes_1_never_scheduled', 'dataset_produces_1', 'dataset_produces_2', 'consume_1_or_2_with_dataset_expressions', 'conditional_dataset_and_time_based_timetable', 'consume_1_or_both_2_and_3_with_dataset_expressions' retrieved from /home/airflow/.local/lib/python3.12/site-packages/airflow/example_dags/example_datasets.py
[2026-06-14T21:43:05.313+0000] {logging_mixin.py:188} INFO - [2026-06-14T21:43:05.313+0000] {dag.py:3089} INFO - Sync 10 DAGs
[2026-06-14T21:43:05.352+0000] {logging_mixin.py:188} INFO - [2026-06-14T21:43:05.351+0000] {dag.py:3947} INFO - Setting next_dagrun for conditional_dataset_and_time_based_timetable to 2026-06-10 01:00:00+00:00, run_after=2026-06-10 01:00:00+00:00
[2026-06-14T21:43:05.360+0000] {logging_mixin.py:188} INFO - [2026-06-14T21:43:05.360+0000] {dag.py:3947} INFO - Setting next_dagrun for consume_1_and_2_with_dataset_expressions to None, run_after=None
[2026-06-14T21:43:05.363+0000] {logging_mixin.py:188} INFO - [2026-06-14T21:43:05.363+0000] {dag.py:3947} INFO - Setting next_dagrun for consume_1_or_2_with_dataset_expressions to None, run_after=None
[2026-06-14T21:43:05.366+0000] {logging_mixin.py:188} INFO - [2026-06-14T21:43:05.366+0000] {dag.py:3947} INFO - Setting next_dagrun for consume_1_or_both_2_and_3_with_dataset_expressions to None, run_after=None
[2026-06-14T21:43:05.368+0000] {logging_mixin.py:188} INFO - [2026-06-14T21:43:05.368+0000] {dag.py:3947} INFO - Setting next_dagrun for dataset_consumes_1 to None, run_after=None
[2026-06-14T21:43:05.371+0000] {logging_mixin.py:188} INFO - [2026-06-14T21:43:05.371+0000] {dag.py:3947} INFO - Setting next_dagrun for dataset_consumes_1_and_2 to None, run_after=None
[2026-06-14T21:43:05.374+0000] {logging_mixin.py:188} INFO - [2026-06-14T21:43:05.374+0000] {dag.py:3947} INFO - Setting next_dagrun for dataset_consumes_1_never_scheduled to None, run_after=None
[2026-06-14T21:43:05.378+0000] {logging_mixin.py:188} INFO - [2026-06-14T21:43:05.377+0000] {dag.py:3947} INFO - Setting next_dagrun for dataset_consumes_unknown_never_scheduled to None, run_after=None
[2026-06-14T21:43:05.382+0000] {logging_mixin.py:188} INFO - [2026-06-14T21:43:05.382+0000] {dag.py:3947} INFO - Setting next_dagrun for dataset_produces_1 to 2026-06-13 00:00:00+00:00, run_after=2026-06-14 00:00:00+00:00
[2026-06-14T21:43:05.384+0000] {logging_mixin.py:188} INFO - [2026-06-14T21:43:05.384+0000] {dag.py:3947} INFO - Setting next_dagrun for dataset_produces_2 to None, run_after=None
[2026-06-14T21:43:05.448+0000] {processor.py:183} INFO - Processing /home/airflow/.local/lib/python3.12/site-packages/airflow/example_dags/example_datasets.py took 0.247 seconds
[2026-06-14T21:43:36.229+0000] {processor.py:161} INFO - Started process (PID=501) to work on /home/airflow/.local/lib/python3.12/site-packages/airflow/example_dags/example_datasets.py
[2026-06-14T21:43:36.231+0000] {processor.py:830} INFO - Processing file /home/airflow/.local/lib/python3.12/site-packages/airflow/example_dags/example_datasets.py for tasks to queue
[2026-06-14T21:43:36.234+0000] {logging_mixin.py:188} INFO - [2026-06-14T21:43:36.234+0000] {dagbag.py:545} INFO - Filling up the DagBag from /home/airflow/.local/lib/python3.12/site-packages/airflow/example_dags/example_datasets.py
[2026-06-14T21:43:36.262+0000] {processor.py:840} INFO - DAG(s) 'dataset_produces_2', 'dataset_produces_1', 'consume_1_or_both_2_and_3_with_dataset_expressions', 'dataset_consumes_1_and_2', 'dataset_consumes_1', 'consume_1_or_2_with_dataset_expressions', 'dataset_consumes_unknown_never_scheduled', 'consume_1_and_2_with_dataset_expressions', 'dataset_consumes_1_never_scheduled', 'conditional_dataset_and_time_based_timetable' retrieved from /home/airflow/.local/lib/python3.12/site-packages/airflow/example_dags/example_datasets.py
[2026-06-14T21:43:36.351+0000] {logging_mixin.py:188} INFO - [2026-06-14T21:43:36.350+0000] {dag.py:3089} INFO - Sync 10 DAGs
[2026-06-14T21:43:36.395+0000] {logging_mixin.py:188} INFO - [2026-06-14T21:43:36.395+0000] {dag.py:3947} INFO - Setting next_dagrun for conditional_dataset_and_time_based_timetable to 2026-06-10 01:00:00+00:00, run_after=2026-06-10 01:00:00+00:00
[2026-06-14T21:43:36.403+0000] {logging_mixin.py:188} INFO - [2026-06-14T21:43:36.403+0000] {dag.py:3947} INFO - Setting next_dagrun for consume_1_and_2_with_dataset_expressions to None, run_after=None
[2026-06-14T21:43:36.406+0000] {logging_mixin.py:188} INFO - [2026-06-14T21:43:36.405+0000] {dag.py:3947} INFO - Setting next_dagrun for consume_1_or_2_with_dataset_expressions to None, run_after=None
[2026-06-14T21:43:36.408+0000] {logging_mixin.py:188} INFO - [2026-06-14T21:43:36.407+0000] {dag.py:3947} INFO - Setting next_dagrun for consume_1_or_both_2_and_3_with_dataset_expressions to None, run_after=None
[2026-06-14T21:43:36.410+0000] {logging_mixin.py:188} INFO - [2026-06-14T21:43:36.409+0000] {dag.py:3947} INFO - Setting next_dagrun for dataset_consumes_1 to None, run_after=None
[2026-06-14T21:43:36.412+0000] {logging_mixin.py:188} INFO - [2026-06-14T21:43:36.411+0000] {dag.py:3947} INFO - Setting next_dagrun for dataset_consumes_1_and_2 to None, run_after=None
[2026-06-14T21:43:36.414+0000] {logging_mixin.py:188} INFO - [2026-06-14T21:43:36.413+0000] {dag.py:3947} INFO - Setting next_dagrun for dataset_consumes_1_never_scheduled to None, run_after=None
[2026-06-14T21:43:36.416+0000] {logging_mixin.py:188} INFO - [2026-06-14T21:43:36.416+0000] {dag.py:3947} INFO - Setting next_dagrun for dataset_consumes_unknown_never_scheduled to None, run_after=None
[2026-06-14T21:43:36.422+0000] {logging_mixin.py:188} INFO - [2026-06-14T21:43:36.421+0000] {dag.py:3947} INFO - Setting next_dagrun for dataset_produces_1 to 2026-06-13 00:00:00+00:00, run_after=2026-06-14 00:00:00+00:00
[2026-06-14T21:43:36.424+0000] {logging_mixin.py:188} INFO - [2026-06-14T21:43:36.424+0000] {dag.py:3947} INFO - Setting next_dagrun for dataset_produces_2 to None, run_after=None
[2026-06-14T21:43:36.474+0000] {processor.py:183} INFO - Processing /home/airflow/.local/lib/python3.12/site-packages/airflow/example_dags/example_datasets.py took 0.259 seconds
[2026-06-14T21:44:06.994+0000] {processor.py:161} INFO - Started process (PID=560) to work on /home/airflow/.local/lib/python3.12/site-packages/airflow/example_dags/example_datasets.py
[2026-06-14T21:44:06.995+0000] {processor.py:830} INFO - Processing file /home/airflow/.local/lib/python3.12/site-packages/airflow/example_dags/example_datasets.py for tasks to queue
[2026-06-14T21:44:06.999+0000] {logging_mixin.py:188} INFO - [2026-06-14T21:44:06.998+0000] {dagbag.py:545} INFO - Filling up the DagBag from /home/airflow/.local/lib/python3.12/site-packages/airflow/example_dags/example_datasets.py
[2026-06-14T21:44:07.019+0000] {processor.py:840} INFO - DAG(s) 'consume_1_or_both_2_and_3_with_dataset_expressions', 'dataset_consumes_1_and_2', 'dataset_consumes_unknown_never_scheduled', 'dataset_consumes_1_never_scheduled', 'consume_1_and_2_with_dataset_expressions', 'dataset_produces_2', 'dataset_produces_1', 'consume_1_or_2_with_dataset_expressions', 'conditional_dataset_and_time_based_timetable', 'dataset_consumes_1' retrieved from /home/airflow/.local/lib/python3.12/site-packages/airflow/example_dags/example_datasets.py
[2026-06-14T21:44:07.118+0000] {logging_mixin.py:188} INFO - [2026-06-14T21:44:07.118+0000] {dag.py:3089} INFO - Sync 10 DAGs
[2026-06-14T21:44:07.152+0000] {logging_mixin.py:188} INFO - [2026-06-14T21:44:07.151+0000] {dag.py:3947} INFO - Setting next_dagrun for conditional_dataset_and_time_based_timetable to 2026-06-10 01:00:00+00:00, run_after=2026-06-10 01:00:00+00:00
[2026-06-14T21:44:07.158+0000] {logging_mixin.py:188} INFO - [2026-06-14T21:44:07.158+0000] {dag.py:3947} INFO - Setting next_dagrun for consume_1_and_2_with_dataset_expressions to None, run_after=None
[2026-06-14T21:44:07.160+0000] {logging_mixin.py:188} INFO - [2026-06-14T21:44:07.160+0000] {dag.py:3947} INFO - Setting next_dagrun for consume_1_or_2_with_dataset_expressions to None, run_after=None
[2026-06-14T21:44:07.163+0000] {logging_mixin.py:188} INFO - [2026-06-14T21:44:07.162+0000] {dag.py:3947} INFO - Setting next_dagrun for consume_1_or_both_2_and_3_with_dataset_expressions to None, run_after=None
[2026-06-14T21:44:07.165+0000] {logging_mixin.py:188} INFO - [2026-06-14T21:44:07.164+0000] {dag.py:3947} INFO - Setting next_dagrun for dataset_consumes_1 to None, run_after=None
[2026-06-14T21:44:07.167+0000] {logging_mixin.py:188} INFO - [2026-06-14T21:44:07.167+0000] {dag.py:3947} INFO - Setting next_dagrun for dataset_consumes_1_and_2 to None, run_after=None
[2026-06-14T21:44:07.169+0000] {logging_mixin.py:188} INFO - [2026-06-14T21:44:07.169+0000] {dag.py:3947} INFO - Setting next_dagrun for dataset_consumes_1_never_scheduled to None, run_after=None
[2026-06-14T21:44:07.172+0000] {logging_mixin.py:188} INFO - [2026-06-14T21:44:07.171+0000] {dag.py:3947} INFO - Setting next_dagrun for dataset_consumes_unknown_never_scheduled to None, run_after=None
[2026-06-14T21:44:07.176+0000] {logging_mixin.py:188} INFO - [2026-06-14T21:44:07.175+0000] {dag.py:3947} INFO - Setting next_dagrun for dataset_produces_1 to 2026-06-13 00:00:00+00:00, run_after=2026-06-14 00:00:00+00:00
[2026-06-14T21:44:07.179+0000] {logging_mixin.py:188} INFO - [2026-06-14T21:44:07.178+0000] {dag.py:3947} INFO - Setting next_dagrun for dataset_produces_2 to None, run_after=None
[2026-06-14T21:44:07.238+0000] {processor.py:183} INFO - Processing /home/airflow/.local/lib/python3.12/site-packages/airflow/example_dags/example_datasets.py took 0.252 seconds
[2026-06-14T21:44:37.455+0000] {processor.py:161} INFO - Started process (PID=619) to work on /home/airflow/.local/lib/python3.12/site-packages/airflow/example_dags/example_datasets.py
[2026-06-14T21:44:37.457+0000] {processor.py:830} INFO - Processing file /home/airflow/.local/lib/python3.12/site-packages/airflow/example_dags/example_datasets.py for tasks to queue
[2026-06-14T21:44:37.461+0000] {logging_mixin.py:188} INFO - [2026-06-14T21:44:37.460+0000] {dagbag.py:545} INFO - Filling up the DagBag from /home/airflow/.local/lib/python3.12/site-packages/airflow/example_dags/example_datasets.py
[2026-06-14T21:44:37.485+0000] {processor.py:840} INFO - DAG(s) 'dataset_consumes_unknown_never_scheduled', 'dataset_consumes_1', 'consume_1_or_2_with_dataset_expressions', 'dataset_consumes_1_and_2', 'dataset_consumes_1_never_scheduled', 'conditional_dataset_and_time_based_timetable', 'dataset_produces_1', 'consume_1_or_both_2_and_3_with_dataset_expressions', 'consume_1_and_2_with_dataset_expressions', 'dataset_produces_2' retrieved from /home/airflow/.local/lib/python3.12/site-packages/airflow/example_dags/example_datasets.py
[2026-06-14T21:44:37.589+0000] {logging_mixin.py:188} INFO - [2026-06-14T21:44:37.589+0000] {dag.py:3089} INFO - Sync 10 DAGs
[2026-06-14T21:44:37.654+0000] {logging_mixin.py:188} INFO - [2026-06-14T21:44:37.653+0000] {dag.py:3947} INFO - Setting next_dagrun for conditional_dataset_and_time_based_timetable to 2026-06-10 01:00:00+00:00, run_after=2026-06-10 01:00:00+00:00
[2026-06-14T21:44:37.664+0000] {logging_mixin.py:188} INFO - [2026-06-14T21:44:37.663+0000] {dag.py:3947} INFO - Setting next_dagrun for consume_1_and_2_with_dataset_expressions to None, run_after=None
[2026-06-14T21:44:37.666+0000] {logging_mixin.py:188} INFO - [2026-06-14T21:44:37.666+0000] {dag.py:3947} INFO - Setting next_dagrun for consume_1_or_2_with_dataset_expressions to None, run_after=None
[2026-06-14T21:44:37.669+0000] {logging_mixin.py:188} INFO - [2026-06-14T21:44:37.668+0000] {dag.py:3947} INFO - Setting next_dagrun for consume_1_or_both_2_and_3_with_dataset_expressions to None, run_after=None
[2026-06-14T21:44:37.672+0000] {logging_mixin.py:188} INFO - [2026-06-14T21:44:37.671+0000] {dag.py:3947} INFO - Setting next_dagrun for dataset_consumes_1 to None, run_after=None
[2026-06-14T21:44:37.675+0000] {logging_mixin.py:188} INFO - [2026-06-14T21:44:37.675+0000] {dag.py:3947} INFO - Setting next_dagrun for dataset_consumes_1_and_2 to None, run_after=None
[2026-06-14T21:44:37.678+0000] {logging_mixin.py:188} INFO - [2026-06-14T21:44:37.678+0000] {dag.py:3947} INFO - Setting next_dagrun for dataset_consumes_1_never_scheduled to None, run_after=None
[2026-06-14T21:44:37.682+0000] {logging_mixin.py:188} INFO - [2026-06-14T21:44:37.682+0000] {dag.py:3947} INFO - Setting next_dagrun for dataset_consumes_unknown_never_scheduled to None, run_after=None
[2026-06-14T21:44:37.687+0000] {logging_mixin.py:188} INFO - [2026-06-14T21:44:37.687+0000] {dag.py:3947} INFO - Setting next_dagrun for dataset_produces_1 to 2026-06-13 00:00:00+00:00, run_after=2026-06-14 00:00:00+00:00
[2026-06-14T21:44:37.690+0000] {logging_mixin.py:188} INFO - [2026-06-14T21:44:37.690+0000] {dag.py:3947} INFO - Setting next_dagrun for dataset_produces_2 to None, run_after=None
[2026-06-14T21:44:37.749+0000] {processor.py:183} INFO - Processing /home/airflow/.local/lib/python3.12/site-packages/airflow/example_dags/example_datasets.py took 0.304 seconds
[2026-06-14T21:45:07.863+0000] {processor.py:161} INFO - Started process (PID=679) to work on /home/airflow/.local/lib/python3.12/site-packages/airflow/example_dags/example_datasets.py
[2026-06-14T21:45:07.865+0000] {processor.py:830} INFO - Processing file /home/airflow/.local/lib/python3.12/site-packages/airflow/example_dags/example_datasets.py for tasks to queue
[2026-06-14T21:45:07.868+0000] {logging_mixin.py:188} INFO - [2026-06-14T21:45:07.867+0000] {dagbag.py:545} INFO - Filling up the DagBag from /home/airflow/.local/lib/python3.12/site-packages/airflow/example_dags/example_datasets.py
[2026-06-14T21:45:07.884+0000] {processor.py:840} INFO - DAG(s) 'consume_1_or_2_with_dataset_expressions', 'dataset_consumes_1_never_scheduled', 'dataset_produces_2', 'consume_1_or_both_2_and_3_with_dataset_expressions', 'dataset_consumes_unknown_never_scheduled', 'dataset_consumes_1', 'conditional_dataset_and_time_based_timetable', 'consume_1_and_2_with_dataset_expressions', 'dataset_produces_1', 'dataset_consumes_1_and_2' retrieved from /home/airflow/.local/lib/python3.12/site-packages/airflow/example_dags/example_datasets.py
[2026-06-14T21:45:07.949+0000] {logging_mixin.py:188} INFO - [2026-06-14T21:45:07.949+0000] {dag.py:3089} INFO - Sync 10 DAGs
[2026-06-14T21:45:07.980+0000] {logging_mixin.py:188} INFO - [2026-06-14T21:45:07.980+0000] {dag.py:3947} INFO - Setting next_dagrun for conditional_dataset_and_time_based_timetable to 2026-06-10 01:00:00+00:00, run_after=2026-06-10 01:00:00+00:00
[2026-06-14T21:45:07.985+0000] {logging_mixin.py:188} INFO - [2026-06-14T21:45:07.985+0000] {dag.py:3947} INFO - Setting next_dagrun for consume_1_and_2_with_dataset_expressions to None, run_after=None
[2026-06-14T21:45:07.988+0000] {logging_mixin.py:188} INFO - [2026-06-14T21:45:07.987+0000] {dag.py:3947} INFO - Setting next_dagrun for consume_1_or_2_with_dataset_expressions to None, run_after=None
[2026-06-14T21:45:07.990+0000] {logging_mixin.py:188} INFO - [2026-06-14T21:45:07.990+0000] {dag.py:3947} INFO - Setting next_dagrun for consume_1_or_both_2_and_3_with_dataset_expressions to None, run_after=None
[2026-06-14T21:45:07.993+0000] {logging_mixin.py:188} INFO - [2026-06-14T21:45:07.993+0000] {dag.py:3947} INFO - Setting next_dagrun for dataset_consumes_1 to None, run_after=None
[2026-06-14T21:45:07.995+0000] {logging_mixin.py:188} INFO - [2026-06-14T21:45:07.995+0000] {dag.py:3947} INFO - Setting next_dagrun for dataset_consumes_1_and_2 to None, run_after=None
[2026-06-14T21:45:07.997+0000] {logging_mixin.py:188} INFO - [2026-06-14T21:45:07.997+0000] {dag.py:3947} INFO - Setting next_dagrun for dataset_consumes_1_never_scheduled to None, run_after=None
[2026-06-14T21:45:07.999+0000] {logging_mixin.py:188} INFO - [2026-06-14T21:45:07.999+0000] {dag.py:3947} INFO - Setting next_dagrun for dataset_consumes_unknown_never_scheduled to None, run_after=None
[2026-06-14T21:45:08.002+0000] {logging_mixin.py:188} INFO - [2026-06-14T21:45:08.002+0000] {dag.py:3947} INFO - Setting next_dagrun for dataset_produces_1 to 2026-06-13 00:00:00+00:00, run_after=2026-06-14 00:00:00+00:00
[2026-06-14T21:45:08.004+0000] {logging_mixin.py:188} INFO - [2026-06-14T21:45:08.004+0000] {dag.py:3947} INFO - Setting next_dagrun for dataset_produces_2 to None, run_after=None
[2026-06-14T21:45:08.047+0000] {processor.py:183} INFO - Processing /home/airflow/.local/lib/python3.12/site-packages/airflow/example_dags/example_datasets.py took 0.192 seconds
[2026-06-14T21:45:38.249+0000] {processor.py:161} INFO - Started process (PID=737) to work on /home/airflow/.local/lib/python3.12/site-packages/airflow/example_dags/example_datasets.py
[2026-06-14T21:45:38.251+0000] {processor.py:830} INFO - Processing file /home/airflow/.local/lib/python3.12/site-packages/airflow/example_dags/example_datasets.py for tasks to queue
[2026-06-14T21:45:38.253+0000] {logging_mixin.py:188} INFO - [2026-06-14T21:45:38.253+0000] {dagbag.py:545} INFO - Filling up the DagBag from /home/airflow/.local/lib/python3.12/site-packages/airflow/example_dags/example_datasets.py
[2026-06-14T21:45:38.270+0000] {processor.py:840} INFO - DAG(s) 'dataset_produces_1', 'consume_1_and_2_with_dataset_expressions', 'dataset_consumes_1_and_2', 'consume_1_or_both_2_and_3_with_dataset_expressions', 'consume_1_or_2_with_dataset_expressions', 'dataset_consumes_1', 'conditional_dataset_and_time_based_timetable', 'dataset_consumes_unknown_never_scheduled', 'dataset_consumes_1_never_scheduled', 'dataset_produces_2' retrieved from /home/airflow/.local/lib/python3.12/site-packages/airflow/example_dags/example_datasets.py
[2026-06-14T21:45:38.334+0000] {logging_mixin.py:188} INFO - [2026-06-14T21:45:38.334+0000] {dag.py:3089} INFO - Sync 10 DAGs
[2026-06-14T21:45:38.379+0000] {logging_mixin.py:188} INFO - [2026-06-14T21:45:38.379+0000] {dag.py:3947} INFO - Setting next_dagrun for conditional_dataset_and_time_based_timetable to 2026-06-10 01:00:00+00:00, run_after=2026-06-10 01:00:00+00:00
[2026-06-14T21:45:38.386+0000] {logging_mixin.py:188} INFO - [2026-06-14T21:45:38.386+0000] {dag.py:3947} INFO - Setting next_dagrun for consume_1_and_2_with_dataset_expressions to None, run_after=None
[2026-06-14T21:45:38.390+0000] {logging_mixin.py:188} INFO - [2026-06-14T21:45:38.390+0000] {dag.py:3947} INFO - Setting next_dagrun for consume_1_or_2_with_dataset_expressions to None, run_after=None
[2026-06-14T21:45:38.392+0000] {logging_mixin.py:188} INFO - [2026-06-14T21:45:38.392+0000] {dag.py:3947} INFO - Setting next_dagrun for consume_1_or_both_2_and_3_with_dataset_expressions to None, run_after=None
[2026-06-14T21:45:38.394+0000] {logging_mixin.py:188} INFO - [2026-06-14T21:45:38.394+0000] {dag.py:3947} INFO - Setting next_dagrun for dataset_consumes_1 to None, run_after=None
[2026-06-14T21:45:38.396+0000] {logging_mixin.py:188} INFO - [2026-06-14T21:45:38.396+0000] {dag.py:3947} INFO - Setting next_dagrun for dataset_consumes_1_and_2 to None, run_after=None
[2026-06-14T21:45:38.398+0000] {logging_mixin.py:188} INFO - [2026-06-14T21:45:38.398+0000] {dag.py:3947} INFO - Setting next_dagrun for dataset_consumes_1_never_scheduled to None, run_after=None
[2026-06-14T21:45:38.400+0000] {logging_mixin.py:188} INFO - [2026-06-14T21:45:38.400+0000] {dag.py:3947} INFO - Setting next_dagrun for dataset_consumes_unknown_never_scheduled to None, run_after=None
[2026-06-14T21:45:38.404+0000] {logging_mixin.py:188} INFO - [2026-06-14T21:45:38.404+0000] {dag.py:3947} INFO - Setting next_dagrun for dataset_produces_1 to 2026-06-13 00:00:00+00:00, run_after=2026-06-14 00:00:00+00:00
[2026-06-14T21:45:38.406+0000] {logging_mixin.py:188} INFO - [2026-06-14T21:45:38.406+0000] {dag.py:3947} INFO - Setting next_dagrun for dataset_produces_2 to None, run_after=None
[2026-06-14T21:45:38.457+0000] {processor.py:183} INFO - Processing /home/airflow/.local/lib/python3.12/site-packages/airflow/example_dags/example_datasets.py took 0.215 seconds
[2026-06-14T21:46:09.063+0000] {processor.py:161} INFO - Started process (PID=795) to work on /home/airflow/.local/lib/python3.12/site-packages/airflow/example_dags/example_datasets.py
[2026-06-14T21:46:09.066+0000] {processor.py:830} INFO - Processing file /home/airflow/.local/lib/python3.12/site-packages/airflow/example_dags/example_datasets.py for tasks to queue
[2026-06-14T21:46:09.070+0000] {logging_mixin.py:188} INFO - [2026-06-14T21:46:09.070+0000] {dagbag.py:545} INFO - Filling up the DagBag from /home/airflow/.local/lib/python3.12/site-packages/airflow/example_dags/example_datasets.py
[2026-06-14T21:46:09.100+0000] {processor.py:840} INFO - DAG(s) 'dataset_consumes_1_never_scheduled', 'dataset_produces_2', 'consume_1_or_2_with_dataset_expressions', 'consume_1_or_both_2_and_3_with_dataset_expressions', 'dataset_consumes_1_and_2', 'dataset_consumes_unknown_never_scheduled', 'dataset_produces_1', 'dataset_consumes_1', 'consume_1_and_2_with_dataset_expressions', 'conditional_dataset_and_time_based_timetable' retrieved from /home/airflow/.local/lib/python3.12/site-packages/airflow/example_dags/example_datasets.py
[2026-06-14T21:46:09.209+0000] {logging_mixin.py:188} INFO - [2026-06-14T21:46:09.209+0000] {dag.py:3089} INFO - Sync 10 DAGs
[2026-06-14T21:46:09.265+0000] {logging_mixin.py:188} INFO - [2026-06-14T21:46:09.264+0000] {dag.py:3947} INFO - Setting next_dagrun for conditional_dataset_and_time_based_timetable to 2026-06-10 01:00:00+00:00, run_after=2026-06-10 01:00:00+00:00
[2026-06-14T21:46:09.274+0000] {logging_mixin.py:188} INFO - [2026-06-14T21:46:09.274+0000] {dag.py:3947} INFO - Setting next_dagrun for consume_1_and_2_with_dataset_expressions to None, run_after=None
[2026-06-14T21:46:09.277+0000] {logging_mixin.py:188} INFO - [2026-06-14T21:46:09.277+0000] {dag.py:3947} INFO - Setting next_dagrun for consume_1_or_2_with_dataset_expressions to None, run_after=None
[2026-06-14T21:46:09.280+0000] {logging_mixin.py:188} INFO - [2026-06-14T21:46:09.280+0000] {dag.py:3947} INFO - Setting next_dagrun for consume_1_or_both_2_and_3_with_dataset_expressions to None, run_after=None
[2026-06-14T21:46:09.283+0000] {logging_mixin.py:188} INFO - [2026-06-14T21:46:09.283+0000] {dag.py:3947} INFO - Setting next_dagrun for dataset_consumes_1 to None, run_after=None
[2026-06-14T21:46:09.286+0000] {logging_mixin.py:188} INFO - [2026-06-14T21:46:09.285+0000] {dag.py:3947} INFO - Setting next_dagrun for dataset_consumes_1_and_2 to None, run_after=None
[2026-06-14T21:46:09.289+0000] {logging_mixin.py:188} INFO - [2026-06-14T21:46:09.289+0000] {dag.py:3947} INFO - Setting next_dagrun for dataset_consumes_1_never_scheduled to None, run_after=None
[2026-06-14T21:46:09.293+0000] {logging_mixin.py:188} INFO - [2026-06-14T21:46:09.292+0000] {dag.py:3947} INFO - Setting next_dagrun for dataset_consumes_unknown_never_scheduled to None, run_after=None
[2026-06-14T21:46:09.299+0000] {logging_mixin.py:188} INFO - [2026-06-14T21:46:09.298+0000] {dag.py:3947} INFO - Setting next_dagrun for dataset_produces_1 to 2026-06-13 00:00:00+00:00, run_after=2026-06-14 00:00:00+00:00
[2026-06-14T21:46:09.302+0000] {logging_mixin.py:188} INFO - [2026-06-14T21:46:09.302+0000] {dag.py:3947} INFO - Setting next_dagrun for dataset_produces_2 to None, run_after=None
[2026-06-14T21:46:09.426+0000] {processor.py:183} INFO - Processing /home/airflow/.local/lib/python3.12/site-packages/airflow/example_dags/example_datasets.py took 0.375 seconds
[2026-06-14T21:46:39.696+0000] {processor.py:161} INFO - Started process (PID=854) to work on /home/airflow/.local/lib/python3.12/site-packages/airflow/example_dags/example_datasets.py
[2026-06-14T21:46:39.698+0000] {processor.py:830} INFO - Processing file /home/airflow/.local/lib/python3.12/site-packages/airflow/example_dags/example_datasets.py for tasks to queue
[2026-06-14T21:46:39.702+0000] {logging_mixin.py:188} INFO - [2026-06-14T21:46:39.702+0000] {dagbag.py:545} INFO - Filling up the DagBag from /home/airflow/.local/lib/python3.12/site-packages/airflow/example_dags/example_datasets.py
[2026-06-14T21:46:39.728+0000] {processor.py:840} INFO - DAG(s) 'dataset_produces_2', 'dataset_consumes_1_never_scheduled', 'conditional_dataset_and_time_based_timetable', 'dataset_consumes_unknown_never_scheduled', 'consume_1_and_2_with_dataset_expressions', 'dataset_consumes_1_and_2', 'consume_1_or_2_with_dataset_expressions', 'dataset_produces_1', 'dataset_consumes_1', 'consume_1_or_both_2_and_3_with_dataset_expressions' retrieved from /home/airflow/.local/lib/python3.12/site-packages/airflow/example_dags/example_datasets.py
[2026-06-14T21:46:39.817+0000] {logging_mixin.py:188} INFO - [2026-06-14T21:46:39.816+0000] {dag.py:3089} INFO - Sync 10 DAGs
[2026-06-14T21:46:39.866+0000] {logging_mixin.py:188} INFO - [2026-06-14T21:46:39.866+0000] {dag.py:3947} INFO - Setting next_dagrun for conditional_dataset_and_time_based_timetable to 2026-06-10 01:00:00+00:00, run_after=2026-06-10 01:00:00+00:00
[2026-06-14T21:46:39.872+0000] {logging_mixin.py:188} INFO - [2026-06-14T21:46:39.872+0000] {dag.py:3947} INFO - Setting next_dagrun for consume_1_and_2_with_dataset_expressions to None, run_after=None
[2026-06-14T21:46:39.876+0000] {logging_mixin.py:188} INFO - [2026-06-14T21:46:39.875+0000] {dag.py:3947} INFO - Setting next_dagrun for consume_1_or_2_with_dataset_expressions to None, run_after=None
[2026-06-14T21:46:39.879+0000] {logging_mixin.py:188} INFO - [2026-06-14T21:46:39.879+0000] {dag.py:3947} INFO - Setting next_dagrun for consume_1_or_both_2_and_3_with_dataset_expressions to None, run_after=None
[2026-06-14T21:46:39.883+0000] {logging_mixin.py:188} INFO - [2026-06-14T21:46:39.883+0000] {dag.py:3947} INFO - Setting next_dagrun for dataset_consumes_1 to None, run_after=None
[2026-06-14T21:46:39.888+0000] {logging_mixin.py:188} INFO - [2026-06-14T21:46:39.888+0000] {dag.py:3947} INFO - Setting next_dagrun for dataset_consumes_1_and_2 to None, run_after=None
[2026-06-14T21:46:39.892+0000] {logging_mixin.py:188} INFO - [2026-06-14T21:46:39.891+0000] {dag.py:3947} INFO - Setting next_dagrun for dataset_consumes_1_never_scheduled to None, run_after=None
[2026-06-14T21:46:39.895+0000] {logging_mixin.py:188} INFO - [2026-06-14T21:46:39.895+0000] {dag.py:3947} INFO - Setting next_dagrun for dataset_consumes_unknown_never_scheduled to None, run_after=None
[2026-06-14T21:46:39.901+0000] {logging_mixin.py:188} INFO - [2026-06-14T21:46:39.901+0000] {dag.py:3947} INFO - Setting next_dagrun for dataset_produces_1 to 2026-06-13 00:00:00+00:00, run_after=2026-06-14 00:00:00+00:00
[2026-06-14T21:46:39.904+0000] {logging_mixin.py:188} INFO - [2026-06-14T21:46:39.904+0000] {dag.py:3947} INFO - Setting next_dagrun for dataset_produces_2 to None, run_after=None
[2026-06-14T21:46:39.991+0000] {processor.py:183} INFO - Processing /home/airflow/.local/lib/python3.12/site-packages/airflow/example_dags/example_datasets.py took 0.303 seconds
[2026-06-14T21:47:10.643+0000] {processor.py:161} INFO - Started process (PID=913) to work on /home/airflow/.local/lib/python3.12/site-packages/airflow/example_dags/example_datasets.py
[2026-06-14T21:47:10.657+0000] {processor.py:830} INFO - Processing file /home/airflow/.local/lib/python3.12/site-packages/airflow/example_dags/example_datasets.py for tasks to queue
[2026-06-14T21:47:10.662+0000] {logging_mixin.py:188} INFO - [2026-06-14T21:47:10.661+0000] {dagbag.py:545} INFO - Filling up the DagBag from /home/airflow/.local/lib/python3.12/site-packages/airflow/example_dags/example_datasets.py
[2026-06-14T21:47:10.752+0000] {processor.py:840} INFO - DAG(s) 'dataset_consumes_1_never_scheduled', 'dataset_consumes_unknown_never_scheduled', 'conditional_dataset_and_time_based_timetable', 'dataset_produces_2', 'dataset_consumes_1_and_2', 'dataset_consumes_1', 'consume_1_and_2_with_dataset_expressions', 'consume_1_or_2_with_dataset_expressions', 'dataset_produces_1', 'consume_1_or_both_2_and_3_with_dataset_expressions' retrieved from /home/airflow/.local/lib/python3.12/site-packages/airflow/example_dags/example_datasets.py
[2026-06-14T21:47:11.040+0000] {logging_mixin.py:188} INFO - [2026-06-14T21:47:11.039+0000] {dag.py:3089} INFO - Sync 10 DAGs
[2026-06-14T21:47:11.178+0000] {logging_mixin.py:188} INFO - [2026-06-14T21:47:11.177+0000] {dag.py:3947} INFO - Setting next_dagrun for conditional_dataset_and_time_based_timetable to 2026-06-10 01:00:00+00:00, run_after=2026-06-10 01:00:00+00:00
[2026-06-14T21:47:11.209+0000] {logging_mixin.py:188} INFO - [2026-06-14T21:47:11.209+0000] {dag.py:3947} INFO - Setting next_dagrun for consume_1_and_2_with_dataset_expressions to None, run_after=None
[2026-06-14T21:47:11.240+0000] {logging_mixin.py:188} INFO - [2026-06-14T21:47:11.240+0000] {dag.py:3947} INFO - Setting next_dagrun for consume_1_or_2_with_dataset_expressions to None, run_after=None
[2026-06-14T21:47:11.251+0000] {logging_mixin.py:188} INFO - [2026-06-14T21:47:11.251+0000] {dag.py:3947} INFO - Setting next_dagrun for consume_1_or_both_2_and_3_with_dataset_expressions to None, run_after=None
[2026-06-14T21:47:11.270+0000] {logging_mixin.py:188} INFO - [2026-06-14T21:47:11.269+0000] {dag.py:3947} INFO - Setting next_dagrun for dataset_consumes_1 to None, run_after=None
[2026-06-14T21:47:11.286+0000] {logging_mixin.py:188} INFO - [2026-06-14T21:47:11.286+0000] {dag.py:3947} INFO - Setting next_dagrun for dataset_consumes_1_and_2 to None, run_after=None
[2026-06-14T21:47:11.325+0000] {logging_mixin.py:188} INFO - [2026-06-14T21:47:11.317+0000] {dag.py:3947} INFO - Setting next_dagrun for dataset_consumes_1_never_scheduled to None, run_after=None
[2026-06-14T21:47:11.342+0000] {logging_mixin.py:188} INFO - [2026-06-14T21:47:11.341+0000] {dag.py:3947} INFO - Setting next_dagrun for dataset_consumes_unknown_never_scheduled to None, run_after=None
[2026-06-14T21:47:11.358+0000] {logging_mixin.py:188} INFO - [2026-06-14T21:47:11.357+0000] {dag.py:3947} INFO - Setting next_dagrun for dataset_produces_1 to 2026-06-13 00:00:00+00:00, run_after=2026-06-14 00:00:00+00:00
[2026-06-14T21:47:11.362+0000] {logging_mixin.py:188} INFO - [2026-06-14T21:47:11.362+0000] {dag.py:3947} INFO - Setting next_dagrun for dataset_produces_2 to None, run_after=None
[2026-06-14T21:47:11.549+0000] {processor.py:183} INFO - Processing /home/airflow/.local/lib/python3.12/site-packages/airflow/example_dags/example_datasets.py took 0.928 seconds
[2026-06-14T21:47:41.852+0000] {processor.py:161} INFO - Started process (PID=972) to work on /home/airflow/.local/lib/python3.12/site-packages/airflow/example_dags/example_datasets.py
[2026-06-14T21:47:41.854+0000] {processor.py:830} INFO - Processing file /home/airflow/.local/lib/python3.12/site-packages/airflow/example_dags/example_datasets.py for tasks to queue
[2026-06-14T21:47:41.858+0000] {logging_mixin.py:188} INFO - [2026-06-14T21:47:41.857+0000] {dagbag.py:545} INFO - Filling up the DagBag from /home/airflow/.local/lib/python3.12/site-packages/airflow/example_dags/example_datasets.py
[2026-06-14T21:47:41.882+0000] {processor.py:840} INFO - DAG(s) 'dataset_consumes_1', 'dataset_produces_1', 'conditional_dataset_and_time_based_timetable', 'consume_1_or_both_2_and_3_with_dataset_expressions', 'consume_1_or_2_with_dataset_expressions', 'dataset_consumes_unknown_never_scheduled', 'dataset_produces_2', 'dataset_consumes_1_never_scheduled', 'consume_1_and_2_with_dataset_expressions', 'dataset_consumes_1_and_2' retrieved from /home/airflow/.local/lib/python3.12/site-packages/airflow/example_dags/example_datasets.py
[2026-06-14T21:47:41.974+0000] {logging_mixin.py:188} INFO - [2026-06-14T21:47:41.973+0000] {dag.py:3089} INFO - Sync 10 DAGs
[2026-06-14T21:47:42.027+0000] {logging_mixin.py:188} INFO - [2026-06-14T21:47:42.026+0000] {dag.py:3947} INFO - Setting next_dagrun for conditional_dataset_and_time_based_timetable to 2026-06-10 01:00:00+00:00, run_after=2026-06-10 01:00:00+00:00
[2026-06-14T21:47:42.035+0000] {logging_mixin.py:188} INFO - [2026-06-14T21:47:42.035+0000] {dag.py:3947} INFO - Setting next_dagrun for consume_1_and_2_with_dataset_expressions to None, run_after=None
[2026-06-14T21:47:42.039+0000] {logging_mixin.py:188} INFO - [2026-06-14T21:47:42.038+0000] {dag.py:3947} INFO - Setting next_dagrun for consume_1_or_2_with_dataset_expressions to None, run_after=None
[2026-06-14T21:47:42.042+0000] {logging_mixin.py:188} INFO - [2026-06-14T21:47:42.042+0000] {dag.py:3947} INFO - Setting next_dagrun for consume_1_or_both_2_and_3_with_dataset_expressions to None, run_after=None
[2026-06-14T21:47:42.045+0000] {logging_mixin.py:188} INFO - [2026-06-14T21:47:42.045+0000] {dag.py:3947} INFO - Setting next_dagrun for dataset_consumes_1 to None, run_after=None
[2026-06-14T21:47:42.048+0000] {logging_mixin.py:188} INFO - [2026-06-14T21:47:42.048+0000] {dag.py:3947} INFO - Setting next_dagrun for dataset_consumes_1_and_2 to None, run_after=None
[2026-06-14T21:47:42.051+0000] {logging_mixin.py:188} INFO - [2026-06-14T21:47:42.051+0000] {dag.py:3947} INFO - Setting next_dagrun for dataset_consumes_1_never_scheduled to None, run_after=None
[2026-06-14T21:47:42.054+0000] {logging_mixin.py:188} INFO - [2026-06-14T21:47:42.054+0000] {dag.py:3947} INFO - Setting next_dagrun for dataset_consumes_unknown_never_scheduled to None, run_after=None
[2026-06-14T21:47:42.060+0000] {logging_mixin.py:188} INFO - [2026-06-14T21:47:42.059+0000] {dag.py:3947} INFO - Setting next_dagrun for dataset_produces_1 to 2026-06-13 00:00:00+00:00, run_after=2026-06-14 00:00:00+00:00
[2026-06-14T21:47:42.063+0000] {logging_mixin.py:188} INFO - [2026-06-14T21:47:42.063+0000] {dag.py:3947} INFO - Setting next_dagrun for dataset_produces_2 to None, run_after=None
[2026-06-14T21:47:42.122+0000] {processor.py:183} INFO - Processing /home/airflow/.local/lib/python3.12/site-packages/airflow/example_dags/example_datasets.py took 0.279 seconds
[2026-06-14T21:48:12.906+0000] {processor.py:161} INFO - Started process (PID=1030) to work on /home/airflow/.local/lib/python3.12/site-packages/airflow/example_dags/example_datasets.py
[2026-06-14T21:48:12.910+0000] {processor.py:830} INFO - Processing file /home/airflow/.local/lib/python3.12/site-packages/airflow/example_dags/example_datasets.py for tasks to queue
[2026-06-14T21:48:12.913+0000] {logging_mixin.py:188} INFO - [2026-06-14T21:48:12.912+0000] {dagbag.py:545} INFO - Filling up the DagBag from /home/airflow/.local/lib/python3.12/site-packages/airflow/example_dags/example_datasets.py
[2026-06-14T21:48:12.941+0000] {processor.py:840} INFO - DAG(s) 'consume_1_or_2_with_dataset_expressions', 'dataset_produces_2', 'conditional_dataset_and_time_based_timetable', 'consume_1_or_both_2_and_3_with_dataset_expressions', 'consume_1_and_2_with_dataset_expressions', 'dataset_consumes_unknown_never_scheduled', 'dataset_consumes_1', 'dataset_produces_1', 'dataset_consumes_1_and_2', 'dataset_consumes_1_never_scheduled' retrieved from /home/airflow/.local/lib/python3.12/site-packages/airflow/example_dags/example_datasets.py
[2026-06-14T21:48:12.999+0000] {logging_mixin.py:188} INFO - [2026-06-14T21:48:12.999+0000] {dag.py:3089} INFO - Sync 10 DAGs
[2026-06-14T21:48:13.057+0000] {logging_mixin.py:188} INFO - [2026-06-14T21:48:13.057+0000] {dag.py:3947} INFO - Setting next_dagrun for conditional_dataset_and_time_based_timetable to 2026-06-10 01:00:00+00:00, run_after=2026-06-10 01:00:00+00:00
[2026-06-14T21:48:13.065+0000] {logging_mixin.py:188} INFO - [2026-06-14T21:48:13.064+0000] {dag.py:3947} INFO - Setting next_dagrun for consume_1_and_2_with_dataset_expressions to None, run_after=None
[2026-06-14T21:48:13.068+0000] {logging_mixin.py:188} INFO - [2026-06-14T21:48:13.068+0000] {dag.py:3947} INFO - Setting next_dagrun for consume_1_or_2_with_dataset_expressions to None, run_after=None
[2026-06-14T21:48:13.070+0000] {logging_mixin.py:188} INFO - [2026-06-14T21:48:13.070+0000] {dag.py:3947} INFO - Setting next_dagrun for consume_1_or_both_2_and_3_with_dataset_expressions to None, run_after=None
[2026-06-14T21:48:13.073+0000] {logging_mixin.py:188} INFO - [2026-06-14T21:48:13.073+0000] {dag.py:3947} INFO - Setting next_dagrun for dataset_consumes_1 to None, run_after=None
[2026-06-14T21:48:13.076+0000] {logging_mixin.py:188} INFO - [2026-06-14T21:48:13.075+0000] {dag.py:3947} INFO - Setting next_dagrun for dataset_consumes_1_and_2 to None, run_after=None
[2026-06-14T21:48:13.078+0000] {logging_mixin.py:188} INFO - [2026-06-14T21:48:13.077+0000] {dag.py:3947} INFO - Setting next_dagrun for dataset_consumes_1_never_scheduled to None, run_after=None
[2026-06-14T21:48:13.080+0000] {logging_mixin.py:188} INFO - [2026-06-14T21:48:13.079+0000] {dag.py:3947} INFO - Setting next_dagrun for dataset_consumes_unknown_never_scheduled to None, run_after=None
[2026-06-14T21:48:13.084+0000] {logging_mixin.py:188} INFO - [2026-06-14T21:48:13.083+0000] {dag.py:3947} INFO - Setting next_dagrun for dataset_produces_1 to 2026-06-13 00:00:00+00:00, run_after=2026-06-14 00:00:00+00:00
[2026-06-14T21:48:13.086+0000] {logging_mixin.py:188} INFO - [2026-06-14T21:48:13.086+0000] {dag.py:3947} INFO - Setting next_dagrun for dataset_produces_2 to None, run_after=None
[2026-06-14T21:48:13.126+0000] {processor.py:183} INFO - Processing /home/airflow/.local/lib/python3.12/site-packages/airflow/example_dags/example_datasets.py took 0.235 seconds
[2026-06-14T21:48:43.672+0000] {processor.py:161} INFO - Started process (PID=1089) to work on /home/airflow/.local/lib/python3.12/site-packages/airflow/example_dags/example_datasets.py
[2026-06-14T21:48:43.674+0000] {processor.py:830} INFO - Processing file /home/airflow/.local/lib/python3.12/site-packages/airflow/example_dags/example_datasets.py for tasks to queue
[2026-06-14T21:48:43.678+0000] {logging_mixin.py:188} INFO - [2026-06-14T21:48:43.678+0000] {dagbag.py:545} INFO - Filling up the DagBag from /home/airflow/.local/lib/python3.12/site-packages/airflow/example_dags/example_datasets.py
[2026-06-14T21:48:43.709+0000] {processor.py:840} INFO - DAG(s) 'dataset_consumes_1', 'consume_1_or_both_2_and_3_with_dataset_expressions', 'conditional_dataset_and_time_based_timetable', 'dataset_consumes_unknown_never_scheduled', 'dataset_consumes_1_never_scheduled', 'consume_1_and_2_with_dataset_expressions', 'dataset_produces_1', 'dataset_produces_2', 'consume_1_or_2_with_dataset_expressions', 'dataset_consumes_1_and_2' retrieved from /home/airflow/.local/lib/python3.12/site-packages/airflow/example_dags/example_datasets.py
[2026-06-14T21:48:43.816+0000] {logging_mixin.py:188} INFO - [2026-06-14T21:48:43.815+0000] {dag.py:3089} INFO - Sync 10 DAGs
[2026-06-14T21:48:43.862+0000] {logging_mixin.py:188} INFO - [2026-06-14T21:48:43.861+0000] {dag.py:3947} INFO - Setting next_dagrun for conditional_dataset_and_time_based_timetable to 2026-06-10 01:00:00+00:00, run_after=2026-06-10 01:00:00+00:00
[2026-06-14T21:48:43.868+0000] {logging_mixin.py:188} INFO - [2026-06-14T21:48:43.868+0000] {dag.py:3947} INFO - Setting next_dagrun for consume_1_and_2_with_dataset_expressions to None, run_after=None
[2026-06-14T21:48:43.871+0000] {logging_mixin.py:188} INFO - [2026-06-14T21:48:43.870+0000] {dag.py:3947} INFO - Setting next_dagrun for consume_1_or_2_with_dataset_expressions to None, run_after=None
[2026-06-14T21:48:43.873+0000] {logging_mixin.py:188} INFO - [2026-06-14T21:48:43.872+0000] {dag.py:3947} INFO - Setting next_dagrun for consume_1_or_both_2_and_3_with_dataset_expressions to None, run_after=None
[2026-06-14T21:48:43.875+0000] {logging_mixin.py:188} INFO - [2026-06-14T21:48:43.875+0000] {dag.py:3947} INFO - Setting next_dagrun for dataset_consumes_1 to None, run_after=None
[2026-06-14T21:48:43.877+0000] {logging_mixin.py:188} INFO - [2026-06-14T21:48:43.877+0000] {dag.py:3947} INFO - Setting next_dagrun for dataset_consumes_1_and_2 to None, run_after=None
[2026-06-14T21:48:43.881+0000] {logging_mixin.py:188} INFO - [2026-06-14T21:48:43.880+0000] {dag.py:3947} INFO - Setting next_dagrun for dataset_consumes_1_never_scheduled to None, run_after=None
[2026-06-14T21:48:43.885+0000] {logging_mixin.py:188} INFO - [2026-06-14T21:48:43.884+0000] {dag.py:3947} INFO - Setting next_dagrun for dataset_consumes_unknown_never_scheduled to None, run_after=None
[2026-06-14T21:48:43.889+0000] {logging_mixin.py:188} INFO - [2026-06-14T21:48:43.889+0000] {dag.py:3947} INFO - Setting next_dagrun for dataset_produces_1 to 2026-06-13 00:00:00+00:00, run_after=2026-06-14 00:00:00+00:00
[2026-06-14T21:48:43.892+0000] {logging_mixin.py:188} INFO - [2026-06-14T21:48:43.892+0000] {dag.py:3947} INFO - Setting next_dagrun for dataset_produces_2 to None, run_after=None
[2026-06-14T21:48:43.994+0000] {processor.py:183} INFO - Processing /home/airflow/.local/lib/python3.12/site-packages/airflow/example_dags/example_datasets.py took 0.338 seconds
[2026-06-14T21:49:14.075+0000] {processor.py:161} INFO - Started process (PID=1147) to work on /home/airflow/.local/lib/python3.12/site-packages/airflow/example_dags/example_datasets.py
[2026-06-14T21:49:14.077+0000] {processor.py:830} INFO - Processing file /home/airflow/.local/lib/python3.12/site-packages/airflow/example_dags/example_datasets.py for tasks to queue
[2026-06-14T21:49:14.080+0000] {logging_mixin.py:188} INFO - [2026-06-14T21:49:14.079+0000] {dagbag.py:545} INFO - Filling up the DagBag from /home/airflow/.local/lib/python3.12/site-packages/airflow/example_dags/example_datasets.py
[2026-06-14T21:49:14.101+0000] {processor.py:840} INFO - DAG(s) 'consume_1_and_2_with_dataset_expressions', 'dataset_produces_2', 'dataset_consumes_1_never_scheduled', 'consume_1_or_both_2_and_3_with_dataset_expressions', 'dataset_consumes_1_and_2', 'dataset_consumes_1', 'consume_1_or_2_with_dataset_expressions', 'dataset_consumes_unknown_never_scheduled', 'dataset_produces_1', 'conditional_dataset_and_time_based_timetable' retrieved from /home/airflow/.local/lib/python3.12/site-packages/airflow/example_dags/example_datasets.py
[2026-06-14T21:49:14.157+0000] {logging_mixin.py:188} INFO - [2026-06-14T21:49:14.156+0000] {dag.py:3089} INFO - Sync 10 DAGs
[2026-06-14T21:49:14.181+0000] {logging_mixin.py:188} INFO - [2026-06-14T21:49:14.181+0000] {dag.py:3947} INFO - Setting next_dagrun for conditional_dataset_and_time_based_timetable to 2026-06-10 01:00:00+00:00, run_after=2026-06-10 01:00:00+00:00
[2026-06-14T21:49:14.185+0000] {logging_mixin.py:188} INFO - [2026-06-14T21:49:14.185+0000] {dag.py:3947} INFO - Setting next_dagrun for consume_1_and_2_with_dataset_expressions to None, run_after=None
[2026-06-14T21:49:14.188+0000] {logging_mixin.py:188} INFO - [2026-06-14T21:49:14.187+0000] {dag.py:3947} INFO - Setting next_dagrun for consume_1_or_2_with_dataset_expressions to None, run_after=None
[2026-06-14T21:49:14.190+0000] {logging_mixin.py:188} INFO - [2026-06-14T21:49:14.189+0000] {dag.py:3947} INFO - Setting next_dagrun for consume_1_or_both_2_and_3_with_dataset_expressions to None, run_after=None
[2026-06-14T21:49:14.191+0000] {logging_mixin.py:188} INFO - [2026-06-14T21:49:14.191+0000] {dag.py:3947} INFO - Setting next_dagrun for dataset_consumes_1 to None, run_after=None
[2026-06-14T21:49:14.194+0000] {logging_mixin.py:188} INFO - [2026-06-14T21:49:14.193+0000] {dag.py:3947} INFO - Setting next_dagrun for dataset_consumes_1_and_2 to None, run_after=None
[2026-06-14T21:49:14.198+0000] {logging_mixin.py:188} INFO - [2026-06-14T21:49:14.197+0000] {dag.py:3947} INFO - Setting next_dagrun for dataset_consumes_1_never_scheduled to None, run_after=None
[2026-06-14T21:49:14.200+0000] {logging_mixin.py:188} INFO - [2026-06-14T21:49:14.200+0000] {dag.py:3947} INFO - Setting next_dagrun for dataset_consumes_unknown_never_scheduled to None, run_after=None
[2026-06-14T21:49:14.205+0000] {logging_mixin.py:188} INFO - [2026-06-14T21:49:14.204+0000] {dag.py:3947} INFO - Setting next_dagrun for dataset_produces_1 to 2026-06-13 00:00:00+00:00, run_after=2026-06-14 00:00:00+00:00
[2026-06-14T21:49:14.207+0000] {logging_mixin.py:188} INFO - [2026-06-14T21:49:14.206+0000] {dag.py:3947} INFO - Setting next_dagrun for dataset_produces_2 to None, run_after=None
[2026-06-14T21:49:14.249+0000] {processor.py:183} INFO - Processing /home/airflow/.local/lib/python3.12/site-packages/airflow/example_dags/example_datasets.py took 0.184 seconds
